login_frequency_last_30d,avg_session_duration_min,feature_usage_score,support_tickets_last_90d,total_purchases,avg_invoice_amount,late_payments_count,customer_lifetime_value,payment_method,subscription_tier,image_quality_score,avg_days_since_last_login,churned
8.11,14.08,11.09,0,8,141.89,1,1387.34,credit_card,basic,0.832,1.49,1
3.41,14.29,41.46,0,7,244.3,1,2432.76,crypto,basic,0.756,10.18,0
3.48,10.34,73.61,1,4,266.66,2,1142.1,bank_transfer,basic,0.804,93.84,0
18.72,7.27,64.93,0,2,137.55,1,262.86,credit_card,pro,0.445,16.83,0
10.54,15.22,61.83,0,5,244.94,0,1619.85,credit_card,pro,0.92,2.46,0
0.85,5.92,66.87,0,4,211.5,1,840.29,bank_transfer,pro,0.543,4.37,1
6.38,11.83,30.87,0,3,229.16,2,791.0,crypto,pro,0.864,8.42,1
5.85,1.0,75.55,1,3,167.53,0,561.59,credit_card,basic,0.23,13.92,0
6.57,11.65,60.22,0,4,215.14,1,1142.5,credit_card,pro,0.467,1.15,0
4.89,1.0,35.37,3,5,106.68,0,710.13,bank_transfer,basic,0.727,5.72,0
0.99,11.19,57.83,1,4,74.41,0,305.52,paypal,basic,0.994,9.1,0
2.55,12.78,70.19,2,3,285.65,2,904.85,paypal,pro,0.72,0.7,0
2.14,15.59,66.26,3,2,247.31,0,418.29,paypal,enterprise,0.246,4.09,0
5.71,13.19,73.44,1,4,218.5,0,1064.98,bank_transfer,pro,0.632,3.36,0
5.15,3.86,100.0,3,1,180.06,1,250.98,paypal,basic,0.706,7.82,1
3.75,17.19,68.18,1,6,165.56,0,1282.04,bank_transfer,basic,0.484,2.37,0
1.99,2.05,65.89,0,3,129.45,1,445.8,credit_card,basic,0.24,20.71,0
5.98,8.56,82.04,1,3,243.67,1,833.2,credit_card,basic,0.431,3.36,1
5.73,14.11,67.1,2,2,215.46,0,578.35,credit_card,enterprise,0.812,15.41,0
3.44,1.0,24.06,1,2,145.98,1,286.27,credit_card,basic,0.794,14.37,1
5.55,13.66,100.0,2,9,154.82,0,1541.6,credit_card,basic,0.798,4.97,0
4.72,10.81,45.57,2,9,173.79,1,2123.82,credit_card,enterprise,0.415,16.98,1
7.46,8.56,59.53,4,4,111.22,2,669.07,paypal,pro,0.565,11.71,0
1.54,2.13,38.24,1,2,207.97,0,585.19,credit_card,basic,0.117,7.64,1
2.42,17.57,80.43,1,3,152.5,0,736.27,bank_transfer,basic,0.849,16.75,0
2.75,13.82,55.24,2,3,185.67,0,527.09,bank_transfer,basic,0.682,8.61,1
2.75,7.91,49.81,2,2,164.26,0,374.49,credit_card,pro,0.64,19.34,1
5.2,1.8,55.97,0,4,142.63,1,781.17,credit_card,basic,0.657,42.15,1
5.23,4.59,47.03,2,4,138.78,2,753.39,paypal,basic,0.778,3.47,1
0.23,12.77,48.84,1,4,110.75,0,432.93,bank_transfer,basic,0.717,20.07,1
1.3,15.15,62.33,0,4,201.34,0,1047.98,credit_card,basic,0.9,3.06,0
1.76,14.55,80.66,0,5,202.99,0,1452.2,credit_card,basic,0.736,13.09,1
2.7,1.0,70.23,0,4,256.35,0,999.4,crypto,pro,0.291,1.39,0
4.2,1.0,65.85,0,7,116.93,1,877.31,paypal,pro,0.366,16.69,0
0.37,14.63,73.46,2,8,140.74,1,1749.44,paypal,basic,0.907,3.67,0
4.53,5.42,15.05,0,3,245.89,0,1033.52,credit_card,enterprise,0.948,0.02,0
5.39,8.92,46.67,1,8,179.07,1,1595.69,crypto,enterprise,0.337,7.59,1
5.36,1.0,60.03,0,3,226.04,0,914.39,credit_card,enterprise,0.395,6.4,0
4.47,17.63,64.18,1,8,203.55,1,1351.72,paypal,pro,0.705,0.51,0
2.7,8.04,59.62,0,2,183.0,0,572.45,credit_card,basic,0.664,5.06,1
1.97,14.83,2.49,2,5,173.13,0,1116.89,credit_card,basic,0.781,1.87,1
12.78,13.35,35.21,1,3,136.45,0,603.06,paypal,pro,0.303,23.31,0
9.24,9.37,71.35,1,6,173.25,0,1500.41,crypto,pro,0.903,4.97,0
13.24,3.95,40.52,4,2,156.59,0,471.73,paypal,enterprise,0.952,11.76,0
3.65,24.59,51.49,2,4,67.98,1,294.44,credit_card,pro,0.855,3.69,0
7.88,17.28,52.66,1,4,214.96,1,1308.94,credit_card,basic,0.455,2.6,1
2.85,6.38,71.86,0,5,208.7,0,1149.54,bank_transfer,enterprise,0.64,16.19,0
7.84,19.54,59.99,1,6,58.61,1,556.95,credit_card,pro,0.17,2.27,0
5.63,16.49,79.64,1,5,182.51,1,1281.37,paypal,basic,0.315,12.42,1
3.18,25.39,58.88,1,4,154.9,0,709.59,bank_transfer,basic,0.302,13.06,1
22.33,13.6,54.01,1,2,160.7,1,511.12,credit_card,basic,0.625,13.57,0
2.83,4.99,55.2,1,3,172.44,0,725.12,credit_card,basic,0.758,11.49,0
9.78,14.31,68.89,1,4,182.65,0,836.03,paypal,basic,0.891,6.54,0
1.01,5.69,39.17,4,5,109.71,1,573.6,credit_card,enterprise,0.915,1.02,0
1.99,1.0,74.28,1,8,183.83,0,1746.41,paypal,basic,0.47,0.73,0
1.91,20.83,54.82,1,5,40.95,1,393.37,crypto,pro,0.794,4.01,1
14.92,10.68,56.22,1,4,180.86,0,816.23,credit_card,basic,0.766,12.38,0
2.39,10.48,55.26,3,2,160.14,0,494.84,credit_card,basic,0.819,17.49,0
2.18,16.04,56.67,0,4,186.93,0,1136.44,credit_card,basic,0.961,6.02,0
3.56,18.4,56.52,2,4,223.57,0,787.57,paypal,pro,0.296,11.63,1
5.11,11.7,78.25,0,7,178.19,0,1401.36,paypal,basic,0.925,9.71,0
11.59,16.61,34.09,3,7,80.34,1,859.17,credit_card,basic,0.881,2.92,1
1.68,20.72,47.25,1,4,214.8,1,1045.18,credit_card,basic,0.948,9.55,1
6.36,15.89,56.76,0,2,224.57,1,410.81,crypto,enterprise,0.696,9.66,0
7.09,18.03,50.75,1,5,141.45,0,1078.45,bank_transfer,pro,0.135,7.4,1
5.88,18.14,39.46,0,0,144.41,1,37.66,credit_card,pro,0.768,2.99,0
4.63,10.72,53.35,1,2,269.99,0,867.53,paypal,basic,0.268,12.35,1
5.0,9.28,81.63,1,3,211.34,1,772.43,credit_card,basic,0.887,14.08,0
5.13,3.46,63.73,2,6,146.34,1,923.66,credit_card,enterprise,0.714,4.39,0
8.28,19.93,51.82,3,5,308.29,0,1886.75,paypal,pro,0.731,29.51,0
6.85,2.22,77.64,0,2,155.66,0,509.24,credit_card,basic,0.64,23.64,0
2.12,10.99,30.18,1,3,152.77,1,456.69,bank_transfer,basic,0.66,6.59,0
2.16,7.36,75.52,5,4,152.42,1,620.07,credit_card,pro,0.556,10.99,1
5.25,13.97,21.77,2,5,276.58,0,1506.52,credit_card,enterprise,0.776,6.93,1
8.9,5.62,28.51,1,4,240.48,2,1000.31,credit_card,basic,0.659,16.42,0
3.73,1.0,39.03,0,7,205.11,1,1464.29,bank_transfer,pro,0.807,7.03,0
6.59,15.85,21.48,2,3,174.46,0,740.14,credit_card,pro,0.527,13.63,1
0.35,11.21,56.01,1,2,269.49,0,580.72,crypto,basic,0.154,6.76,1
1.54,1.56,63.86,1,4,159.73,0,810.6,paypal,pro,0.839,0.29,0
10.04,6.26,73.89,0,7,211.14,0,1863.91,crypto,pro,0.777,7.01,0
6.48,19.55,58.48,1,6,148.81,1,1281.48,credit_card,basic,0.616,2.64,1
1.32,8.83,89.84,3,3,131.57,0,508.39,credit_card,pro,0.083,2.75,0
8.0,11.37,62.49,0,1,153.18,1,190.0,paypal,basic,0.711,5.83,0
3.95,14.2,42.55,1,2,181.61,1,536.16,bank_transfer,basic,0.826,0.4,0
5.46,9.89,60.56,1,1,171.75,1,191.7,bank_transfer,pro,0.854,2.53,0
3.11,4.78,76.77,1,6,193.42,0,1031.56,bank_transfer,basic,0.713,11.91,0
4.92,8.62,29.85,0,8,255.13,2,2626.9,credit_card,pro,0.62,4.11,1
4.4,1.03,33.72,4,4,105.5,0,535.42,credit_card,basic,0.368,6.36,1
4.6,4.1,46.18,1,4,155.94,0,634.58,credit_card,basic,0.753,25.26,1
3.55,10.48,66.0,2,4,264.24,0,1032.52,credit_card,basic,0.685,22.42,0
4.0,6.89,55.66,3,7,225.57,0,2074.68,paypal,basic,0.776,1.99,0
4.44,1.0,52.81,0,3,117.99,1,453.8,credit_card,basic,0.807,2.61,1
2.46,9.3,12.14,0,5,198.02,1,1124.6,bank_transfer,basic,0.792,1.24,0
5.26,5.5,46.12,0,6,268.81,0,1359.41,paypal,pro,0.467,12.42,0
7.38,13.24,58.91,1,3,289.24,0,1380.42,credit_card,pro,0.725,5.16,0
7.21,10.46,35.6,1,1,157.3,0,217.06,credit_card,basic,0.744,3.44,0
7.59,3.71,34.89,1,4,153.99,1,638.64,paypal,basic,0.552,8.5,0
2.39,17.57,56.83,1,2,148.55,2,499.26,credit_card,basic,0.982,2.19,1
1.75,6.93,86.0,1,5,164.16,1,831.99,bank_transfer,basic,0.905,0.37,0
2.71,4.11,59.29,4,4,212.89,0,1309.4,bank_transfer,basic,0.221,4.83,1
2.53,1.02,66.86,0,3,207.59,0,601.52,paypal,pro,0.802,0.09,0
10.1,20.74,58.57,1,2,160.49,2,345.92,bank_transfer,basic,0.962,5.44,1
0.88,2.01,64.55,3,3,249.29,1,940.83,credit_card,basic,0.437,22.46,0
3.39,7.52,63.25,0,5,161.39,0,886.17,paypal,basic,0.457,11.09,0
0.88,12.98,38.01,1,3,171.83,1,442.52,credit_card,enterprise,0.8,3.8,1
5.1,22.32,63.8,1,3,206.34,0,585.9,credit_card,enterprise,0.869,2.25,0
1.38,20.94,44.43,0,2,164.5,0,400.17,bank_transfer,basic,0.92,7.93,0
0.74,3.85,60.83,2,2,217.94,2,708.38,bank_transfer,pro,0.587,2.24,1
4.76,3.74,40.95,2,4,265.13,0,1241.52,paypal,basic,0.611,25.8,1
0.29,5.42,65.89,1,5,127.45,0,965.14,credit_card,basic,0.828,7.2,1
2.25,9.23,100.0,1,4,142.05,0,529.0,paypal,basic,0.204,2.78,0
0.75,1.0,80.22,1,4,188.04,2,849.71,credit_card,enterprise,0.697,14.14,1
3.22,4.3,40.87,0,2,162.68,0,408.04,credit_card,basic,0.39,5.78,0
1.66,24.18,62.08,0,4,137.69,0,740.07,paypal,pro,0.452,6.07,0
3.86,9.07,32.24,2,8,144.89,0,1413.57,bank_transfer,enterprise,0.841,0.06,0
3.75,15.56,46.79,1,8,160.03,0,1665.41,bank_transfer,basic,0.858,0.32,0
1.63,7.0,56.13,1,4,156.04,0,964.96,credit_card,enterprise,0.462,2.24,0
3.89,9.27,16.19,0,5,224.66,0,1098.75,bank_transfer,basic,0.517,0.77,0
1.05,25.98,40.63,0,2,172.27,1,334.56,paypal,basic,0.269,12.55,0
12.2,16.32,74.23,0,7,132.58,0,1352.22,credit_card,enterprise,0.662,6.6,0
0.76,7.63,35.84,1,3,230.67,1,621.29,paypal,basic,0.205,10.37,0
4.29,5.58,39.1,0,3,253.65,0,1095.16,bank_transfer,basic,0.426,9.53,0
5.56,20.91,53.48,2,2,207.33,1,604.58,credit_card,enterprise,0.776,7.91,0
1.65,2.37,59.04,0,0,144.86,0,48.3,paypal,basic,0.746,18.95,0
5.47,7.01,63.59,1,6,204.87,4,1406.03,credit_card,basic,0.459,20.66,0
9.6,18.25,68.49,0,3,138.69,0,671.76,credit_card,basic,0.971,17.16,0
5.54,26.67,54.38,1,6,92.72,0,671.82,paypal,basic,0.456,19.28,0
3.1,14.63,94.35,1,1,130.16,0,151.58,paypal,enterprise,0.868,11.62,0
0.38,16.15,59.24,0,9,153.19,0,1200.84,credit_card,basic,0.225,27.98,0
2.99,9.79,58.87,1,4,165.8,0,778.58,credit_card,pro,0.733,7.28,1
13.08,12.21,63.66,1,5,177.82,2,828.17,credit_card,pro,0.747,4.24,1
4.21,2.29,68.07,0,4,136.01,1,803.08,bank_transfer,pro,0.948,0.01,0
6.23,1.0,59.44,0,4,245.23,0,937.97,bank_transfer,basic,0.955,25.59,1
7.24,18.41,43.47,0,2,81.23,2,327.18,credit_card,basic,0.269,10.78,1
5.08,4.77,48.17,0,5,155.82,0,966.4,bank_transfer,basic,0.326,29.49,0
8.25,9.36,57.96,2,4,108.98,0,602.14,credit_card,basic,0.861,31.97,0
3.13,6.28,78.42,0,2,107.26,2,390.25,credit_card,basic,0.562,2.45,0
5.65,1.0,85.54,0,6,76.68,1,564.11,credit_card,basic,0.647,3.6,0
7.15,15.49,45.78,0,3,176.7,2,575.01,paypal,pro,0.239,23.63,0
0.48,15.57,32.96,1,2,262.94,2,795.6,credit_card,enterprise,0.675,5.29,0
2.65,12.5,50.71,1,2,232.54,1,568.54,credit_card,basic,0.915,17.62,1
7.58,1.0,19.7,0,4,214.19,0,1083.46,credit_card,enterprise,0.522,4.34,0
4.43,27.87,60.83,0,5,204.63,3,1527.8,crypto,basic,0.619,0.83,0
2.55,1.0,54.3,3,4,262.95,1,1072.88,credit_card,basic,0.564,3.9,1
1.79,22.62,59.16,0,3,152.94,0,543.6,credit_card,pro,0.75,23.95,1
6.97,12.06,38.75,0,2,282.59,0,745.54,bank_transfer,basic,0.312,5.43,1
2.04,1.0,40.85,1,5,162.64,0,778.47,credit_card,basic,0.877,1.57,0
3.06,10.8,48.08,1,2,179.55,0,355.24,credit_card,basic,0.531,0.03,1
0.75,19.88,29.68,3,3,272.15,3,757.21,paypal,basic,0.221,14.49,1
3.32,8.23,67.55,2,2,184.57,0,428.78,bank_transfer,basic,0.605,63.81,1
3.1,17.66,50.07,2,2,229.91,1,665.55,paypal,basic,0.246,9.44,0
4.71,15.96,50.92,0,5,218.99,2,1675.48,paypal,basic,0.889,7.81,0
9.17,12.01,51.14,4,0,85.02,1,73.87,credit_card,pro,0.584,3.7,1
5.58,14.27,43.31,2,6,95.91,0,512.97,credit_card,basic,0.823,36.86,1
2.66,25.46,55.21,0,3,107.22,2,524.84,bank_transfer,pro,0.241,11.13,0
14.5,16.63,67.21,2,4,209.38,0,971.14,bank_transfer,basic,0.745,5.88,0
2.49,22.15,44.89,1,7,204.94,0,1342.77,credit_card,enterprise,0.854,8.29,0
1.43,7.25,39.4,2,2,99.08,0,340.26,crypto,pro,0.06,4.68,1
1.6,9.78,55.56,1,7,150.11,0,1521.66,bank_transfer,pro,0.867,20.14,0
7.04,11.16,23.67,0,4,185.54,0,1133.36,paypal,pro,0.783,21.25,0
2.6,2.57,64.08,2,9,230.27,1,2037.85,bank_transfer,pro,0.602,5.77,0
4.81,13.25,63.42,0,1,243.03,0,302.63,paypal,pro,0.658,1.44,1
12.6,15.94,59.42,4,3,174.15,0,619.29,bank_transfer,pro,0.47,2.53,1
2.68,8.3,62.29,3,2,210.4,1,473.22,bank_transfer,basic,0.783,12.42,0
4.53,13.47,42.42,2,3,177.47,1,505.81,bank_transfer,basic,0.142,11.25,1
2.94,19.31,31.41,1,3,217.69,0,638.99,paypal,basic,0.737,3.05,0
2.9,18.27,71.4,0,6,196.39,0,990.55,credit_card,basic,0.812,9.51,0
5.1,1.0,58.57,3,2,250.33,2,563.3,credit_card,basic,0.183,11.33,1
7.52,4.39,41.19,1,3,236.98,0,1002.57,bank_transfer,enterprise,0.709,36.5,1
8.65,13.27,31.0,1,4,287.11,0,1796.68,bank_transfer,basic,0.101,18.02,1
6.73,13.66,61.65,3,2,268.67,0,628.12,bank_transfer,basic,0.935,10.05,0
3.1,22.86,38.79,1,3,114.87,1,495.69,paypal,pro,0.917,5.59,0
5.65,10.7,59.93,0,2,192.58,0,456.78,paypal,pro,0.587,6.65,0
12.99,20.33,93.18,2,3,97.1,0,444.46,paypal,enterprise,0.362,4.78,0
0.61,9.72,68.8,1,3,161.98,0,582.99,paypal,enterprise,0.701,6.08,1
1.25,3.73,82.78,1,5,152.28,1,759.09,credit_card,pro,0.197,8.53,0
4.0,12.16,22.09,5,4,197.11,0,1107.75,bank_transfer,basic,0.719,2.37,1
6.08,7.67,66.19,1,5,164.81,0,693.61,paypal,basic,0.731,5.03,1
7.48,19.0,66.8,1,7,269.25,2,2293.6,crypto,basic,0.39,17.41,0
2.83,15.67,67.13,1,6,111.53,1,834.76,bank_transfer,basic,0.811,0.73,0
0.68,8.07,73.48,2,3,99.84,1,321.61,paypal,pro,0.653,17.32,0
4.16,1.5,77.23,0,4,163.36,0,1038.43,paypal,basic,0.793,17.46,0
7.51,6.42,49.61,0,3,255.69,0,1020.0,bank_transfer,basic,0.275,41.21,1
25.15,1.0,57.72,1,6,168.45,1,1320.75,credit_card,basic,0.567,0.92,0
4.97,4.27,69.12,0,2,134.46,2,256.27,bank_transfer,pro,0.698,4.67,0
2.03,1.0,66.96,1,8,256.26,0,2583.51,credit_card,basic,0.854,8.7,0
6.34,15.26,36.56,0,4,228.71,1,1028.62,bank_transfer,basic,0.73,0.37,0
3.42,1.0,36.69,2,5,222.09,1,1110.81,credit_card,basic,0.871,6.17,0
6.56,11.94,67.71,2,3,241.89,0,635.21,credit_card,pro,0.778,0.28,0
6.2,18.15,53.28,0,6,86.07,0,487.52,bank_transfer,pro,0.946,11.51,0
3.94,12.8,34.23,1,8,183.91,0,1588.43,paypal,enterprise,0.537,4.71,0
1.59,1.6,49.29,1,2,200.34,1,586.06,paypal,basic,0.281,21.13,1
3.29,28.17,22.55,0,2,167.07,0,515.72,bank_transfer,basic,0.703,3.43,1
6.61,1.0,27.08,1,8,217.42,0,1663.04,bank_transfer,basic,0.873,11.7,0
3.17,7.93,69.88,1,5,143.98,0,668.61,credit_card,basic,0.774,3.31,0
3.82,1.0,45.87,2,5,92.72,0,422.72,bank_transfer,basic,0.067,10.46,1
2.01,11.17,26.52,1,6,136.78,0,1288.27,credit_card,basic,0.109,11.08,0
3.71,20.58,58.07,3,0,106.08,1,37.09,credit_card,basic,0.891,2.82,1
5.45,14.73,57.34,0,4,215.74,2,887.54,credit_card,enterprise,0.456,7.26,1
2.03,1.03,53.86,0,4,272.79,2,1007.03,bank_transfer,pro,0.267,12.88,1
1.09,2.82,51.61,0,4,71.65,1,479.81,credit_card,basic,0.628,12.83,0
2.98,20.19,41.6,1,2,168.53,1,541.02,bank_transfer,basic,0.408,13.13,0
5.87,7.28,20.42,3,1,127.02,0,187.09,credit_card,pro,0.455,3.93,1
3.6,27.97,55.71,0,1,243.92,1,417.83,bank_transfer,basic,0.144,2.61,0
3.99,22.07,41.26,0,4,209.33,1,1201.72,credit_card,basic,0.668,0.47,1
2.98,17.77,64.77,2,2,161.66,0,444.49,credit_card,basic,0.658,6.95,0
4.39,16.58,58.7,3,5,97.89,0,475.39,credit_card,basic,0.806,17.53,0
7.28,24.5,44.15,2,7,211.09,1,1548.1,paypal,pro,0.878,4.25,1
1.64,10.98,41.61,2,4,249.53,1,887.39,credit_card,basic,0.625,53.09,0
10.79,8.38,46.15,0,6,214.29,0,1518.24,credit_card,basic,0.782,23.12,0
5.5,8.28,47.32,1,9,222.42,0,2193.61,credit_card,basic,0.201,1.04,0
0.82,14.39,49.61,1,4,166.52,2,993.89,credit_card,basic,0.768,4.32,0
1.86,6.9,60.99,1,4,93.45,0,490.99,paypal,pro,0.891,29.83,0
17.56,17.88,49.02,0,1,102.44,0,168.11,bank_transfer,enterprise,0.643,8.28,0
1.86,10.67,70.02,0,3,239.84,1,905.04,bank_transfer,basic,0.339,10.5,0
3.1,16.81,67.31,3,1,101.46,0,159.89,crypto,basic,0.555,5.14,1
3.37,10.99,81.64,1,3,159.97,1,603.95,credit_card,basic,0.533,8.9,0
5.06,12.28,51.89,1,3,174.31,1,568.56,credit_card,pro,0.824,4.01,1
4.53,15.55,18.01,2,1,234.06,1,326.35,bank_transfer,basic,0.429,7.83,1
9.61,12.37,43.83,1,3,217.28,0,588.23,bank_transfer,basic,0.612,43.97,0
6.33,1.0,55.8,0,3,111.7,2,574.91,credit_card,basic,0.645,29.95,1
14.24,10.96,51.7,2,5,213.68,0,1601.58,credit_card,enterprise,0.276,21.4,0
3.02,9.73,43.01,0,4,133.08,1,778.35,paypal,pro,0.583,7.83,0
7.49,10.17,53.29,0,4,178.95,1,927.24,credit_card,pro,0.719,1.63,0
2.18,23.94,38.53,1,5,157.48,1,970.4,bank_transfer,pro,0.744,11.23,0
17.88,22.27,61.6,2,2,292.33,0,607.88,paypal,enterprise,0.279,3.98,0
5.72,22.34,51.58,1,5,297.88,1,1915.54,credit_card,basic,0.834,3.74,0
3.24,1.0,68.91,0,4,192.34,2,905.71,paypal,basic,0.854,37.24,0
4.64,6.45,56.58,2,3,281.28,0,1348.91,credit_card,enterprise,0.875,5.98,1
1.11,8.3,81.46,0,7,102.42,0,1009.62,crypto,basic,0.147,3.85,1
1.96,1.0,27.41,3,2,199.82,2,643.38,bank_transfer,enterprise,0.05,4.56,1
3.08,19.2,64.14,1,1,239.64,0,358.63,bank_transfer,basic,0.601,26.91,1
2.28,2.13,94.85,0,5,155.71,0,873.97,bank_transfer,basic,0.467,6.69,0
4.18,1.0,47.18,2,5,140.31,1,683.9,bank_transfer,pro,0.068,12.67,1
10.96,4.15,55.77,0,0,117.23,0,80.76,bank_transfer,basic,0.847,18.99,0
4.2,15.17,21.59,1,4,182.35,0,731.21,credit_card,enterprise,0.68,3.39,0
10.09,11.94,76.4,1,1,270.96,0,368.23,crypto,pro,0.784,1.55,1
5.37,1.0,55.31,1,3,107.78,1,454.17,credit_card,pro,0.911,4.18,0
5.53,1.0,44.91,2,2,217.42,1,689.57,bank_transfer,basic,0.899,8.54,1
2.72,15.94,61.97,2,1,136.6,1,184.55,paypal,basic,0.78,3.68,0
4.47,27.61,86.99,0,4,96.19,2,444.69,credit_card,basic,0.416,7.13,1
8.85,18.11,26.55,0,2,126.56,0,286.93,bank_transfer,pro,0.223,4.34,0
5.35,3.9,46.9,1,3,30.0,0,143.98,credit_card,basic,0.704,4.24,0
4.95,16.03,45.45,1,4,251.43,2,1034.29,paypal,basic,0.549,4.76,0
4.83,20.28,46.86,1,2,191.06,1,384.47,paypal,basic,0.697,9.01,1
4.33,14.31,57.85,2,3,295.25,0,890.6,credit_card,basic,0.77,7.93,0
7.53,12.66,49.78,1,5,152.06,2,896.81,credit_card,basic,0.636,1.57,1
2.06,22.76,70.69,1,9,189.73,0,2078.44,paypal,basic,0.323,2.21,0
6.06,21.28,42.15,1,3,194.85,3,503.42,paypal,pro,0.444,2.35,0
1.06,22.24,53.44,1,8,78.91,0,845.92,paypal,enterprise,0.322,17.18,0
1.94,14.17,97.08,3,5,176.42,0,836.38,credit_card,basic,0.272,5.49,0
4.67,12.51,58.05,0,6,187.63,0,1025.4,paypal,pro,0.66,4.38,0
5.35,6.18,35.6,1,3,201.59,2,642.51,paypal,enterprise,0.409,2.88,0
3.91,5.28,48.67,1,4,20.28,0,189.85,credit_card,enterprise,0.713,23.75,0
4.55,11.69,17.06,0,5,249.16,0,1552.49,credit_card,enterprise,0.828,1.23,0
9.3,12.89,61.59,1,5,191.82,1,896.28,credit_card,basic,0.448,15.55,1
5.82,16.33,81.61,1,5,180.33,0,1099.99,credit_card,pro,0.225,8.82,0
5.92,23.79,70.82,1,2,140.54,4,473.2,credit_card,pro,0.945,10.65,1
0.71,18.92,31.99,4,2,140.22,0,247.96,credit_card,basic,0.427,5.34,1
4.13,1.7,77.13,2,3,237.07,1,630.07,bank_transfer,pro,0.398,0.1,1
4.6,7.8,68.14,2,3,141.18,1,384.58,paypal,pro,0.81,4.36,1
1.72,12.49,83.28,1,6,237.67,2,1801.72,credit_card,basic,0.907,1.1,0
5.65,16.55,48.33,0,6,63.06,1,553.04,credit_card,pro,0.771,9.2,0
5.38,9.81,74.46,1,2,165.79,1,556.87,bank_transfer,basic,0.725,4.35,1
5.79,17.11,41.71,1,3,77.63,1,294.51,bank_transfer,basic,0.803,8.61,0
4.18,3.77,83.26,0,5,158.05,1,1245.8,paypal,basic,0.504,15.59,1
3.45,6.56,37.04,1,3,182.93,0,632.12,credit_card,pro,0.101,4.99,0
0.82,17.24,59.48,0,3,20.0,0,125.84,credit_card,basic,0.536,5.31,0
0.47,5.59,30.52,0,6,284.1,1,2064.66,credit_card,pro,0.626,10.43,0
5.26,1.4,50.75,0,4,96.95,0,405.63,credit_card,pro,0.552,31.23,0
0.58,15.72,55.25,1,6,166.2,1,995.74,bank_transfer,enterprise,0.804,22.45,1
1.78,19.33,62.55,1,3,184.71,2,531.15,paypal,basic,0.419,2.83,0
2.86,7.3,62.03,0,5,100.5,0,578.17,paypal,enterprise,0.801,12.79,0
7.4,11.27,62.1,1,3,180.69,0,637.71,credit_card,basic,0.78,9.22,0
3.84,15.52,40.49,0,6,222.38,0,1919.41,paypal,basic,0.913,2.36,0
7.94,18.8,65.47,1,4,235.09,2,1051.01,paypal,basic,0.35,10.57,0
0.84,1.0,67.03,1,3,202.78,0,607.62,credit_card,basic,0.729,0.83,0
1.16,19.59,36.21,3,3,225.56,0,1034.29,bank_transfer,basic,0.083,0.93,1
3.67,6.33,68.99,2,0,203.07,0,65.82,paypal,pro,0.907,1.61,0
4.94,1.0,29.91,2,0,167.69,0,63.03,credit_card,basic,0.902,2.65,0
6.65,16.7,69.61,1,2,336.67,0,907.18,credit_card,basic,0.533,20.86,0
0.75,12.48,18.32,2,4,165.82,4,1036.85,credit_card,basic,0.827,2.31,1
1.41,9.52,56.7,1,7,245.51,0,1873.68,bank_transfer,enterprise,0.653,6.93,0
6.16,20.63,57.65,1,7,144.59,0,1298.67,credit_card,basic,0.801,12.11,0
3.98,11.88,83.49,0,4,251.97,1,1457.23,paypal,basic,0.785,9.14,1
5.73,11.13,70.59,0,5,213.16,1,1166.44,credit_card,pro,0.869,12.29,1
3.35,7.59,48.66,1,3,250.87,1,1182.3,credit_card,pro,0.877,15.36,0
2.09,8.04,58.56,2,6,206.32,0,1722.2,credit_card,basic,0.816,14.19,1
1.29,8.2,59.17,0,5,119.01,1,706.85,credit_card,pro,0.707,17.1,1
4.19,7.35,71.61,3,4,132.1,1,726.14,bank_transfer,enterprise,0.858,9.46,0
6.7,8.28,28.05,1,1,183.87,0,292.91,credit_card,basic,0.929,6.19,0
2.93,18.21,19.85,0,2,244.31,1,734.84,credit_card,basic,0.741,2.69,0
0.54,20.49,43.95,4,3,177.29,0,767.11,bank_transfer,pro,0.223,21.1,1
1.62,19.17,78.24,1,4,187.44,0,743.99,credit_card,basic,0.367,19.28,0
5.17,15.15,71.35,1,3,204.21,1,570.94,credit_card,enterprise,0.971,1.13,1
3.76,17.77,65.17,0,5,144.37,0,810.7,bank_transfer,pro,0.542,6.58,0
4.34,14.88,30.7,0,3,132.82,2,425.08,credit_card,pro,0.867,32.37,0
3.24,10.75,54.02,0,2,38.69,0,154.72,credit_card,pro,0.956,2.87,1
9.86,17.89,48.02,0,2,200.19,1,443.18,credit_card,enterprise,0.91,1.7,0
7.79,18.74,28.95,1,3,181.79,1,665.24,credit_card,basic,0.749,2.69,0
4.67,14.11,75.22,2,1,254.35,0,365.84,credit_card,pro,0.636,19.78,1
10.98,14.55,68.86,1,4,114.82,2,648.81,paypal,basic,0.562,6.78,0
0.65,11.62,45.29,1,2,221.1,1,645.69,bank_transfer,basic,0.618,2.3,0
10.73,12.9,64.92,1,2,265.5,1,481.51,paypal,pro,0.139,6.8,0
1.52,17.92,44.53,1,1,176.52,1,283.05,paypal,basic,0.198,11.33,0
5.13,18.82,53.38,0,4,226.01,1,1301.09,credit_card,pro,0.483,0.85,0
9.49,14.08,72.29,0,6,225.17,1,1296.37,credit_card,pro,0.367,4.64,0
8.43,20.85,56.63,0,6,82.22,0,760.21,credit_card,basic,0.859,4.13,1
4.59,8.6,62.96,1,10,171.74,1,2124.05,credit_card,enterprise,0.498,5.73,0
17.1,14.35,40.49,0,1,132.88,0,156.49,credit_card,basic,0.917,28.69,0
8.69,17.22,46.39,1,4,268.39,0,970.79,credit_card,basic,0.691,28.78,0
4.96,4.48,47.74,1,3,117.37,0,426.26,bank_transfer,basic,0.517,5.54,0
4.15,7.37,63.15,1,2,142.29,0,430.38,credit_card,pro,0.05,3.73,1
2.88,2.48,54.42,0,4,273.41,1,1485.94,credit_card,enterprise,0.669,1.08,1
1.26,20.39,94.72,2,3,262.99,0,788.73,paypal,basic,0.949,2.9,0
5.95,1.0,34.1,2,4,178.06,2,1102.09,credit_card,basic,0.596,26.1,1
4.86,10.66,56.02,1,1,74.27,0,189.36,credit_card,pro,0.776,1.25,0
1.25,13.75,59.8,3,2,171.39,2,508.46,bank_transfer,enterprise,0.716,3.52,1
8.24,17.26,74.52,1,9,192.55,0,2570.93,credit_card,enterprise,0.56,2.52,0
2.72,7.01,54.87,0,5,245.96,0,1307.69,credit_card,basic,0.855,11.79,0
8.64,9.38,43.91,3,1,171.5,2,288.22,paypal,basic,0.91,15.0,1
9.44,1.0,53.23,0,5,192.31,0,1272.25,credit_card,pro,0.935,6.19,0
1.86,7.93,39.76,2,3,162.65,1,664.01,credit_card,basic,0.681,13.76,1
15.51,11.84,20.41,2,2,184.66,0,449.4,credit_card,basic,0.877,0.11,0
3.05,13.8,50.2,3,3,171.26,0,694.91,bank_transfer,enterprise,0.464,33.64,1
8.55,7.6,65.82,0,5,188.81,1,917.04,crypto,basic,0.937,5.77,0
0.26,16.86,75.21,1,6,194.98,0,1665.66,credit_card,pro,0.503,28.81,0
1.06,8.26,63.04,2,4,136.85,0,683.68,credit_card,pro,0.126,10.13,1
10.85,18.92,49.44,2,4,133.79,1,484.68,crypto,basic,0.81,10.29,0
2.48,15.84,63.93,1,10,243.55,0,2038.06,credit_card,basic,0.166,22.44,0
2.53,6.92,63.55,3,3,250.2,1,1035.39,paypal,enterprise,0.794,6.09,1
2.37,21.27,50.31,3,3,161.65,0,462.64,credit_card,enterprise,0.595,8.67,0
5.66,19.11,54.19,0,6,100.23,0,910.92,bank_transfer,basic,0.602,2.35,0
4.36,10.78,37.02,2,2,129.82,1,426.66,paypal,pro,0.972,2.11,1
6.1,1.0,56.58,0,3,150.59,0,484.96,crypto,basic,0.132,24.1,1
1.34,14.26,70.67,1,1,226.68,1,277.74,credit_card,basic,0.441,16.75,0
13.84,20.23,40.71,1,5,153.73,1,1122.34,credit_card,basic,0.25,1.23,0
2.61,11.2,65.5,0,5,177.14,0,1339.72,bank_transfer,basic,0.751,9.63,0
2.91,10.34,42.5,0,7,278.91,0,1946.82,credit_card,basic,0.299,37.9,0
4.95,2.33,76.65,1,2,134.34,0,281.9,credit_card,basic,0.688,7.16,0
15.5,10.47,25.73,0,1,283.09,1,425.96,credit_card,enterprise,0.243,1.14,0
3.86,3.97,66.4,0,4,225.59,0,884.3,credit_card,basic,0.351,4.58,0
8.63,19.85,60.3,2,6,171.36,0,1466.08,credit_card,enterprise,0.203,6.74,1
6.48,6.58,66.73,1,5,217.54,0,1036.52,credit_card,basic,0.553,9.19,0
4.79,8.93,40.9,0,0,193.37,2,47.71,credit_card,basic,0.948,6.73,1
7.28,1.0,38.03,6,0,314.37,1,47.85,bank_transfer,basic,0.688,0.63,1
1.19,9.11,55.59,1,6,152.81,3,853.76,bank_transfer,basic,0.575,3.59,1
3.49,17.4,40.43,3,5,245.23,0,1087.73,credit_card,basic,0.325,5.25,0
2.97,12.99,5.27,1,2,189.11,1,590.24,bank_transfer,pro,0.921,0.06,1
4.15,4.91,63.93,1,5,257.45,0,1756.62,bank_transfer,pro,0.908,12.38,1
6.47,28.28,66.89,0,2,284.1,2,842.22,credit_card,enterprise,0.616,3.17,0
3.86,4.6,63.65,1,3,43.28,3,147.17,credit_card,basic,0.875,9.9,1
13.06,28.62,41.5,1,5,169.46,0,844.83,bank_transfer,pro,0.677,0.63,0
9.86,21.51,49.7,0,7,154.97,0,990.38,paypal,basic,0.508,7.01,0
2.41,10.5,59.69,1,9,154.48,0,1790.96,bank_transfer,pro,0.808,10.44,0
12.61,5.11,91.2,0,6,115.99,2,1092.24,credit_card,basic,0.574,15.9,0
3.68,1.0,46.78,1,3,143.36,1,545.18,credit_card,basic,0.777,6.08,1
5.0,7.63,24.14,2,2,115.52,0,384.33,bank_transfer,pro,0.59,1.53,0
5.92,14.99,56.71,2,6,114.37,0,807.65,credit_card,pro,0.831,1.99,0
7.12,25.32,46.12,1,3,209.29,2,908.14,credit_card,pro,0.724,0.09,0
13.08,14.65,58.11,1,6,118.44,1,1045.73,bank_transfer,basic,0.55,21.13,0
6.58,21.3,53.4,2,3,286.37,0,1351.18,paypal,pro,0.466,0.34,0
1.23,7.94,29.71,1,7,153.75,1,1354.07,credit_card,enterprise,0.912,2.52,0
6.91,8.15,68.45,1,5,220.76,0,1190.58,credit_card,basic,0.571,1.77,0
3.58,3.12,64.99,1,1,235.22,1,261.5,credit_card,pro,0.766,4.57,0
5.91,14.55,88.95,3,2,107.22,1,452.98,paypal,pro,0.755,5.75,0
5.27,24.85,0.14,0,1,164.96,1,207.14,bank_transfer,enterprise,0.562,0.38,0
2.86,12.42,18.86,1,5,165.88,1,777.61,credit_card,basic,0.609,11.06,1
0.97,10.36,40.44,0,3,203.98,1,736.95,bank_transfer,pro,0.884,0.21,0
1.66,1.82,61.03,0,3,172.44,1,603.97,bank_transfer,pro,0.604,8.79,0
7.29,7.96,51.83,1,5,269.73,1,1142.27,credit_card,pro,0.375,27.61,1
3.37,10.57,62.81,0,1,120.51,0,232.72,credit_card,basic,0.492,27.42,0
2.43,10.52,49.97,0,4,147.59,1,850.34,credit_card,enterprise,0.583,0.88,0
1.85,10.93,59.22,3,5,236.48,0,1582.57,credit_card,pro,0.807,10.05,0
1.67,14.42,48.28,0,4,157.53,0,647.48,credit_card,basic,0.717,19.11,0
4.31,14.25,51.75,0,0,183.17,0,32.97,credit_card,basic,0.83,9.19,0
8.06,14.77,57.29,0,2,102.3,3,219.84,credit_card,basic,0.89,0.79,0
9.65,21.55,42.05,0,3,119.58,1,361.58,credit_card,basic,0.212,5.33,1
10.9,12.68,35.48,0,5,111.11,0,579.13,bank_transfer,basic,0.517,0.3,0
7.45,9.13,49.85,0,4,169.67,1,1024.4,credit_card,basic,0.745,10.97,0
2.8,12.55,87.01,1,5,121.24,1,600.62,paypal,basic,0.784,3.98,0
4.11,14.94,49.52,0,4,64.35,0,258.17,bank_transfer,pro,0.771,17.97,0
3.59,10.53,40.78,1,2,97.81,0,276.0,credit_card,pro,0.702,1.56,0
5.02,11.91,19.4,2,5,158.04,0,1086.37,credit_card,basic,0.769,7.27,0
5.91,8.45,36.34,2,3,166.77,0,605.53,bank_transfer,basic,0.777,28.15,1
3.0,10.23,72.63,0,1,242.75,1,361.2,credit_card,basic,0.724,1.55,1
2.07,12.93,58.8,1,6,119.67,0,1129.82,credit_card,enterprise,0.472,0.9,0
3.35,16.4,15.64,3,8,50.16,0,620.41,credit_card,pro,0.583,23.69,1
1.7,19.76,26.04,1,4,169.76,1,627.38,paypal,basic,0.494,20.31,0
1.82,18.77,43.45,1,3,207.69,0,541.36,credit_card,basic,0.976,13.14,0
4.27,10.24,66.14,1,4,184.89,1,801.12,credit_card,enterprise,0.192,10.6,0
3.64,20.34,63.6,2,4,213.63,1,1058.8,bank_transfer,pro,0.823,4.64,1
11.01,10.85,50.46,0,4,114.77,0,445.9,credit_card,basic,0.799,5.84,0
3.76,18.97,43.11,2,5,76.38,2,517.35,credit_card,pro,0.779,0.33,1
7.92,16.48,61.53,2,1,117.35,0,146.31,credit_card,basic,0.677,27.45,1
2.79,10.04,19.29,1,2,200.2,0,579.97,credit_card,basic,0.65,1.82,0
3.46,7.13,69.21,3,2,211.93,1,618.25,paypal,basic,0.768,17.3,1
2.97,13.47,50.33,1,6,26.54,1,278.36,credit_card,basic,0.372,0.74,0
2.67,12.2,63.58,1,7,173.97,1,1612.93,credit_card,basic,0.424,0.61,0
7.95,1.0,80.6,2,6,252.87,1,1591.62,paypal,pro,0.529,2.82,0
3.16,21.81,53.74,0,2,220.57,0,634.39,credit_card,enterprise,0.584,14.23,0
4.56,12.26,72.99,0,4,249.01,1,1594.47,paypal,pro,0.827,14.67,0
6.13,8.58,19.47,2,6,216.5,0,1924.5,bank_transfer,basic,0.918,5.61,1
7.51,19.69,33.67,0,5,236.16,1,1817.88,credit_card,basic,0.646,2.55,0
1.34,18.72,69.34,3,8,88.9,0,813.51,credit_card,enterprise,0.732,24.84,1
3.03,8.87,73.43,3,4,175.43,0,664.84,bank_transfer,pro,0.636,1.82,0
3.05,23.94,83.67,0,3,174.76,0,708.5,credit_card,basic,0.648,26.35,0
7.09,2.74,54.29,3,2,204.81,1,597.84,credit_card,pro,0.716,7.01,0
2.34,7.14,75.98,0,4,283.39,0,1494.92,bank_transfer,basic,0.976,5.82,0
5.53,1.0,0.0,1,4,224.42,1,925.19,bank_transfer,basic,0.961,17.11,1
4.05,20.6,59.99,2,3,244.95,0,787.38,credit_card,basic,0.166,6.05,1
5.59,1.0,34.87,0,2,170.05,1,452.86,credit_card,pro,0.508,2.82,1
3.86,15.28,54.4,4,2,122.07,0,281.74,credit_card,pro,0.527,0.64,1
3.29,13.66,57.05,3,5,161.59,2,1114.9,paypal,enterprise,0.764,0.29,0
3.09,18.77,33.54,0,5,191.93,0,1366.46,paypal,pro,0.368,8.44,0
4.93,14.52,66.88,3,4,215.99,0,1157.93,paypal,enterprise,0.104,50.89,1
1.84,7.56,77.45,1,6,150.81,1,796.31,credit_card,enterprise,0.316,4.4,0
7.8,17.44,73.4,5,2,159.09,0,543.65,credit_card,enterprise,0.728,30.0,1
3.44,23.97,57.7,1,1,174.87,3,277.18,paypal,enterprise,0.607,5.11,1
4.84,16.56,35.0,2,0,177.22,0,62.31,paypal,pro,0.661,1.6,1
1.08,3.26,75.97,0,2,83.69,0,243.29,bank_transfer,basic,0.915,3.85,0
0.4,4.64,100.0,0,4,215.36,0,792.97,credit_card,basic,0.625,4.25,0
4.96,14.04,83.35,1,2,165.1,0,416.94,crypto,enterprise,0.765,13.27,0
4.47,2.27,89.5,0,7,176.16,0,1835.41,paypal,pro,0.926,14.94,0
7.69,5.84,54.99,3,2,193.14,1,397.97,credit_card,basic,0.26,9.56,1
3.26,14.87,71.7,2,2,85.22,1,257.15,paypal,pro,0.588,15.92,0
8.34,9.72,34.12,0,6,200.69,0,1824.76,bank_transfer,basic,0.679,4.97,0
2.28,23.13,65.43,2,4,174.54,0,855.55,credit_card,basic,0.964,2.16,0
3.49,9.57,62.84,1,4,114.64,0,424.19,paypal,basic,0.723,3.16,0
6.5,3.27,37.11,1,4,221.76,0,1205.93,crypto,basic,0.642,0.96,0
6.89,10.86,31.85,3,3,141.24,1,442.78,paypal,basic,0.554,9.05,0
5.96,12.95,66.36,1,3,114.73,1,578.26,credit_card,pro,0.834,11.12,0
13.36,17.33,56.55,0,5,266.46,0,1145.28,paypal,basic,0.474,18.06,0
