customer_id,login_frequency_last_30d,avg_session_duration_min,feature_usage_score,support_tickets_last_90d,total_purchases,avg_invoice_amount,late_payments_count,customer_lifetime_value,payment_method,subscription_tier,image_quality_score,churned,avg_days_since_last_login
CUST-00001,5.23,4.59,47.03,2,4,138.78,2,753.39,paypal,basic,0.778,1,3.47
CUST-00002,7.09,2.74,54.29,3,2,204.81,1,597.84,credit_card,pro,0.716,0,7.01
CUST-00003,4.59,8.6,62.96,1,10,171.74,1,2124.05,credit_card,enterprise,0.498,0,5.73
CUST-00004,4.11,14.94,49.52,0,4,64.35,0,258.17,bank_transfer,pro,0.771,0,17.97
CUST-00005,7.7,11.28,47.63,3,6,92.67,0,788.52,bank_transfer,pro,0.583,0,1.45
CUST-00006,4.38,7.45,56.66,1,3,111.16,1,329.77,credit_card,pro,0.704,0,4.54
CUST-00007,5.87,7.28,20.42,3,1,127.02,0,187.09,credit_card,pro,0.455,1,3.93
CUST-00008,5.47,7.01,63.59,1,6,204.87,4,1406.03,credit_card,basic,0.459,0,20.66
CUST-00009,7.69,5.84,54.99,3,2,193.14,1,397.97,credit_card,basic,0.26,1,9.56
CUST-00010,3.6,27.97,55.71,0,1,243.92,1,417.83,bank_transfer,basic,0.144,0,2.61
CUST-00011,9.49,14.08,72.29,0,6,225.17,1,1296.37,credit_card,pro,0.367,0,4.64
CUST-00012,2.93,18.21,19.85,0,2,244.31,1,734.84,credit_card,basic,0.741,0,2.69
CUST-00013,6.13,8.58,19.47,2,6,216.5,0,1924.5,bank_transfer,basic,0.918,1,5.61
CUST-00014,5.65,10.7,59.93,0,2,192.58,0,456.78,paypal,pro,0.587,0,6.65
CUST-00015,2.72,7.01,54.87,0,5,245.96,0,1307.69,credit_card,basic,0.855,0,11.79
CUST-00016,6.49,1.0,58.06,1,4,235.16,1,880.85,credit_card,pro,0.613,0,7.01
CUST-00017,3.81,2.35,46.68,1,2,202.57,1,632.93,credit_card,basic,0.532,1,24.45
CUST-00018,2.03,1.0,66.96,1,8,256.26,0,2583.51,credit_card,basic,0.854,0,8.7
CUST-00019,7.06,1.0,71.79,2,3,39.25,1,129.09,credit_card,basic,0.925,1,2.2
CUST-00020,1.41,3.63,63.71,0,4,162.57,0,811.16,credit_card,basic,0.695,0,11.0
CUST-00021,2.37,21.27,50.31,3,3,161.65,0,462.64,credit_card,enterprise,0.595,0,8.67
CUST-00022,4.55,11.69,17.06,0,5,249.16,0,1552.49,credit_card,enterprise,0.828,0,1.23
CUST-00023,7.66,21.03,68.85,2,4,274.28,1,1316.61,credit_card,pro,0.812,1,0.53
CUST-00024,6.76,14.88,76.99,3,3,92.99,0,276.22,crypto,pro,0.875,1,2.32
CUST-00025,5.17,17.48,66.6,0,2,264.67,1,863.1,credit_card,pro,0.792,0,4.79
CUST-00026,1.01,5.69,39.17,4,5,109.71,1,573.6,credit_card,enterprise,0.915,0,1.02
CUST-00027,2.83,15.67,67.13,1,6,111.53,1,834.76,bank_transfer,basic,0.811,0,0.73
CUST-00028,3.34,17.1,70.49,0,5,165.94,0,1179.46,credit_card,basic,0.768,0,7.65
CUST-00029,1.95,7.96,83.06,0,3,160.91,2,797.44,credit_card,pro,0.898,0,1.12
CUST-00030,0.75,15.92,39.23,1,8,86.49,1,818.42,bank_transfer,enterprise,0.521,0,30.57
CUST-00031,4.71,15.96,50.92,0,5,218.99,2,1675.48,paypal,basic,0.889,0,7.81
CUST-00032,6.91,8.15,68.45,1,5,220.76,0,1190.58,credit_card,basic,0.571,0,1.77
CUST-00033,3.14,4.14,56.03,0,4,243.24,0,1457.83,paypal,basic,0.778,1,38.71
CUST-00034,7.59,3.71,34.89,1,4,153.99,1,638.64,paypal,basic,0.552,0,8.5
CUST-00035,1.26,12.61,62.46,2,4,177.63,0,973.63,credit_card,pro,0.229,1,22.52
CUST-00036,1.85,14.29,65.42,4,1,178.17,1,224.44,credit_card,basic,0.802,0,6.97
CUST-00037,4.64,6.45,56.58,2,3,281.28,0,1348.91,credit_card,enterprise,0.875,1,5.98
CUST-00038,2.93,12.19,58.95,3,2,20.0,1,160.66,bank_transfer,pro,0.55,1,28.97
CUST-00039,6.53,15.99,50.34,0,6,122.58,1,881.2,credit_card,basic,0.17,1,12.7
CUST-00040,5.82,16.33,81.61,1,5,180.33,0,1099.99,credit_card,pro,0.225,0,8.82
CUST-00041,3.1,22.86,38.79,1,3,114.87,1,495.69,paypal,pro,0.917,0,5.59
CUST-00042,1.38,20.94,44.43,0,2,164.5,0,400.17,bank_transfer,basic,0.92,0,7.93
CUST-00043,2.83,4.99,55.2,1,3,172.44,0,725.12,credit_card,basic,0.758,0,11.49
CUST-00044,5.92,23.79,70.82,1,2,140.54,4,473.2,credit_card,pro,0.945,1,10.65
CUST-00045,6.7,8.28,28.05,1,1,183.87,0,292.91,credit_card,basic,0.929,0,6.19
CUST-00046,2.94,19.31,31.41,1,3,217.69,0,638.99,paypal,basic,0.737,0,3.05
CUST-00047,0.75,12.48,18.32,2,4,165.82,4,1036.85,credit_card,basic,0.827,1,2.31
CUST-00048,1.19,9.11,55.59,1,6,152.81,3,853.76,bank_transfer,basic,0.575,1,3.59
CUST-00049,5.59,1.0,34.87,0,2,170.05,1,452.86,credit_card,pro,0.508,1,2.82
CUST-00050,3.06,10.8,48.08,1,2,179.55,0,355.24,credit_card,basic,0.531,1,0.03
CUST-00051,3.12,1.08,66.9,3,4,75.58,1,321.88,credit_card,pro,0.698,1,8.66
CUST-00052,1.82,18.77,43.45,1,3,207.69,0,541.36,credit_card,basic,0.976,0,13.14
CUST-00053,1.79,22.62,59.16,0,3,152.94,0,543.6,credit_card,pro,0.75,1,23.95
CUST-00054,7.51,6.42,49.61,0,3,255.69,0,1020.0,bank_transfer,basic,0.275,1,41.21
CUST-00055,5.73,14.11,67.1,2,2,215.46,0,578.35,credit_card,enterprise,0.812,0,15.41
CUST-00056,2.53,6.92,63.55,3,3,250.2,1,1035.39,paypal,enterprise,0.794,1,6.09
CUST-00057,4.4,7.6,42.55,3,9,119.34,1,1434.63,credit_card,basic,0.397,1,3.88
CUST-00058,4.96,17.42,51.96,1,3,157.72,0,445.29,paypal,pro,0.466,0,10.98
CUST-00059,11.77,11.73,73.79,1,5,105.45,1,515.07,credit_card,basic,0.551,0,19.5
CUST-00060,1.66,24.18,62.08,0,4,137.69,0,740.07,paypal,pro,0.452,0,6.07
CUST-00061,4.92,8.62,29.85,0,8,255.13,2,2626.9,credit_card,pro,0.62,1,4.11
CUST-00062,7.48,19.0,66.8,1,7,269.25,2,2293.6,crypto,basic,0.39,0,17.41
CUST-00063,10.9,12.68,35.48,0,5,111.11,0,579.13,bank_transfer,basic,0.517,0,0.3
CUST-00064,2.42,17.57,80.43,1,3,152.5,0,736.27,bank_transfer,basic,0.849,0,16.75
CUST-00065,3.03,8.87,73.43,3,4,175.43,0,664.84,bank_transfer,pro,0.636,0,1.82
CUST-00066,6.57,11.65,60.22,0,4,215.14,1,1142.5,credit_card,pro,0.467,0,1.15
CUST-00067,0.99,11.19,57.83,1,4,74.41,0,305.52,paypal,basic,0.994,0,9.1
CUST-00068,5.26,6.15,51.24,3,3,83.82,1,394.85,credit_card,basic,0.846,1,21.42
CUST-00069,14.5,16.63,67.21,2,4,209.38,0,971.14,bank_transfer,basic,0.745,0,5.88
CUST-00070,5.65,16.55,48.33,0,6,63.06,1,553.04,credit_card,pro,0.771,0,9.2
CUST-00071,0.38,16.15,59.24,0,9,153.19,0,1200.84,credit_card,basic,0.225,0,27.98
CUST-00072,2.06,22.76,70.69,1,9,189.73,0,2078.44,paypal,basic,0.323,0,2.21
CUST-00073,2.49,22.15,44.89,1,7,204.94,0,1342.77,credit_card,enterprise,0.854,0,8.29
CUST-00074,8.64,9.38,43.91,3,1,171.5,2,288.22,paypal,basic,0.91,1,15.0
CUST-00075,3.68,14.61,33.5,0,6,158.05,1,893.15,credit_card,pro,0.937,0,14.07
CUST-00076,0.76,7.63,35.84,1,3,230.67,1,621.29,paypal,basic,0.205,0,10.37
CUST-00077,4.0,12.16,22.09,5,4,197.11,0,1107.75,bank_transfer,basic,0.719,1,2.37
CUST-00078,4.6,7.8,68.14,2,3,141.18,1,384.58,paypal,pro,0.81,1,4.36
CUST-00079,2.75,23.34,87.56,1,3,182.26,0,560.27,credit_card,basic,0.433,0,0.77
CUST-00080,1.76,14.55,80.66,0,5,202.99,0,1452.2,credit_card,basic,0.736,1,13.09
CUST-00081,15.5,10.47,25.73,0,1,283.09,1,425.96,credit_card,enterprise,0.243,0,1.14
CUST-00082,7.5,20.36,68.05,0,8,227.18,0,2638.86,credit_card,enterprise,0.457,0,0.1
CUST-00083,7.95,1.0,80.6,2,6,252.87,1,1591.62,paypal,pro,0.529,0,2.82
CUST-00084,3.68,1.0,46.78,1,3,143.36,1,545.18,credit_card,basic,0.777,1,6.08
CUST-00085,2.39,17.57,56.83,1,2,148.55,2,499.26,credit_card,basic,0.982,1,2.19
CUST-00086,2.86,12.42,18.86,1,5,165.88,1,777.61,credit_card,basic,0.609,1,11.06
CUST-00087,1.25,13.75,59.8,3,2,171.39,2,508.46,bank_transfer,enterprise,0.716,1,3.52
CUST-00088,11.62,2.72,35.86,0,2,119.52,2,233.38,credit_card,pro,0.778,1,5.77
CUST-00089,3.8,11.84,58.59,4,4,255.96,0,1569.51,credit_card,basic,0.896,0,13.18
CUST-00090,9.96,26.02,26.9,3,4,233.0,2,1244.8,credit_card,enterprise,0.628,1,4.76
CUST-00091,2.98,17.77,64.77,2,2,161.66,0,444.49,credit_card,basic,0.658,0,6.95
CUST-00092,5.71,13.19,73.44,1,4,218.5,0,1064.98,bank_transfer,pro,0.632,0,3.36
CUST-00093,4.79,8.93,40.9,0,0,193.37,2,47.71,credit_card,basic,0.948,1,6.73
CUST-00094,1.13,9.24,34.54,2,2,223.19,0,506.37,paypal,basic,0.961,0,1.82
CUST-00095,12.57,1.0,16.19,0,4,99.34,0,564.26,paypal,enterprise,0.859,0,1.22
CUST-00096,3.05,13.8,50.2,3,3,171.26,0,694.91,bank_transfer,enterprise,0.464,1,33.64
CUST-00097,1.52,17.92,44.53,1,1,176.52,1,283.05,paypal,basic,0.198,0,11.33
CUST-00098,6.61,1.0,27.08,1,8,217.42,0,1663.04,bank_transfer,basic,0.873,0,11.7
CUST-00099,4.15,7.37,63.15,1,2,142.29,0,430.38,credit_card,pro,0.05,1,3.73
CUST-00100,5.35,3.9,46.9,1,3,30.0,0,143.98,credit_card,basic,0.704,0,4.24
CUST-00101,4.47,5.24,35.64,2,3,115.1,1,345.87,paypal,pro,0.343,0,12.3
CUST-00102,0.43,12.37,45.02,1,1,176.34,0,335.79,paypal,pro,0.893,1,15.04
CUST-00103,1.99,1.0,74.28,1,8,183.83,0,1746.41,paypal,basic,0.47,0,0.73
CUST-00104,1.93,16.3,65.85,1,8,281.02,2,2665.75,credit_card,basic,0.204,0,1.79
CUST-00105,7.88,17.28,52.66,1,4,214.96,1,1308.94,credit_card,basic,0.455,1,2.6
CUST-00106,4.27,10.24,66.14,1,4,184.89,1,801.12,credit_card,enterprise,0.192,0,10.6
CUST-00107,5.95,1.0,34.1,2,4,178.06,2,1102.09,credit_card,basic,0.596,1,26.1
CUST-00108,3.2,5.03,55.58,3,1,246.25,0,378.92,credit_card,pro,0.456,1,15.34
CUST-00109,6.16,20.63,57.65,1,7,144.59,0,1298.67,credit_card,basic,0.801,0,12.11
CUST-00110,3.69,1.0,46.54,2,3,171.58,0,557.02,paypal,pro,0.735,0,0.7
CUST-00111,3.49,9.57,62.84,1,4,114.64,0,424.19,paypal,basic,0.723,0,3.16
CUST-00112,4.76,3.74,40.95,2,4,265.13,0,1241.52,paypal,basic,0.611,1,25.8
CUST-00113,4.47,17.63,64.18,1,8,203.55,1,1351.72,paypal,pro,0.705,0,0.51
CUST-00114,18.72,7.27,64.93,0,2,137.55,1,262.86,credit_card,pro,0.445,0,16.83
CUST-00115,1.97,14.83,2.49,2,5,173.13,0,1116.89,credit_card,basic,0.781,1,1.87
CUST-00116,1.0,15.96,76.43,0,3,210.58,0,858.11,paypal,basic,0.533,0,7.06
CUST-00117,5.27,24.85,0.14,0,1,164.96,1,207.14,bank_transfer,enterprise,0.562,0,0.38
CUST-00118,2.23,10.58,43.91,1,2,147.93,0,429.43,paypal,basic,0.669,0,18.39
CUST-00119,0.37,14.63,73.46,2,8,140.74,1,1749.44,paypal,basic,0.907,0,3.67
CUST-00120,1.59,1.6,49.29,1,2,200.34,1,586.06,paypal,basic,0.281,1,21.13
CUST-00121,16.15,20.33,28.61,1,6,158.52,0,1379.46,paypal,basic,0.853,0,9.49
CUST-00122,1.93,6.68,35.31,1,5,152.77,1,1021.33,paypal,pro,0.773,1,33.49
CUST-00123,0.68,8.07,73.48,2,3,99.84,1,321.61,paypal,pro,0.653,0,17.32
CUST-00124,15.51,11.84,20.41,2,2,184.66,0,449.4,credit_card,basic,0.877,0,0.11
CUST-00125,1.53,1.06,75.32,0,3,169.13,2,850.56,credit_card,pro,0.578,0,5.83
CUST-00126,22.33,13.6,54.01,1,2,160.7,1,511.12,credit_card,basic,0.625,0,13.57
CUST-00127,3.09,18.77,33.54,0,5,191.93,0,1366.46,paypal,pro,0.368,0,8.44
CUST-00128,12.61,14.05,44.5,1,3,224.88,0,1125.41,bank_transfer,basic,0.222,1,24.22
CUST-00129,3.42,1.0,36.69,2,5,222.09,1,1110.81,credit_card,basic,0.871,0,6.17
CUST-00130,5.73,11.13,70.59,0,5,213.16,1,1166.44,credit_card,pro,0.869,1,12.29
CUST-00131,3.75,17.19,68.18,1,6,165.56,0,1282.04,bank_transfer,basic,0.484,0,2.37
CUST-00132,3.44,1.0,24.06,1,2,145.98,1,286.27,credit_card,basic,0.794,1,14.37
CUST-00133,4.96,4.48,47.74,1,3,117.37,0,426.26,bank_transfer,basic,0.517,0,5.54
CUST-00134,5.88,18.14,39.46,0,0,144.41,1,37.66,credit_card,pro,0.768,0,2.99
CUST-00135,4.69,13.89,78.28,1,0,181.18,0,72.82,credit_card,basic,0.737,0,14.38
CUST-00136,4.34,14.88,30.7,0,3,132.82,2,425.08,credit_card,pro,0.867,0,32.37
CUST-00137,2.24,25.02,83.88,2,3,185.76,1,804.81,credit_card,pro,0.698,0,3.55
CUST-00138,3.86,15.28,54.4,4,2,122.07,0,281.74,credit_card,pro,0.527,1,0.64
CUST-00139,11.59,16.61,34.09,3,7,80.34,1,859.17,credit_card,basic,0.881,1,2.92
CUST-00140,2.16,30.98,42.81,1,2,229.16,1,425.7,credit_card,pro,0.859,0,1.75
CUST-00141,5.07,10.5,40.57,2,4,151.54,0,908.19,credit_card,basic,0.364,0,21.08
CUST-00142,9.31,6.41,32.06,2,3,129.78,0,482.38,bank_transfer,enterprise,0.603,1,14.91
CUST-00143,5.92,14.99,56.71,2,6,114.37,0,807.65,credit_card,pro,0.831,0,1.99
CUST-00144,7.93,15.07,32.9,1,3,205.38,0,768.73,credit_card,basic,0.782,0,24.69
CUST-00145,1.51,8.31,15.75,2,4,262.49,1,1028.38,credit_card,pro,0.826,1,13.0
CUST-00146,5.08,4.77,48.17,0,5,155.82,0,966.4,bank_transfer,basic,0.326,0,29.49
CUST-00147,3.29,28.17,22.55,0,2,167.07,0,515.72,bank_transfer,basic,0.703,1,3.43
CUST-00148,3.41,14.29,41.46,0,7,244.3,1,2432.76,crypto,basic,0.756,0,10.18
CUST-00149,10.95,6.87,38.64,1,4,71.37,0,287.65,bank_transfer,pro,0.924,0,7.83
CUST-00150,3.45,18.41,39.32,0,5,298.01,0,1959.88,credit_card,pro,0.948,1,5.11
CUST-00151,5.2,11.24,91.02,2,5,326.65,1,2389.28,paypal,enterprise,0.674,0,1.4
CUST-00152,0.68,10.23,56.02,3,1,20.0,2,127.25,credit_card,basic,0.965,1,8.08
CUST-00153,12.6,15.94,59.42,4,3,174.15,0,619.29,bank_transfer,pro,0.47,1,2.53
CUST-00154,7.62,2.96,23.02,1,4,136.86,0,507.33,credit_card,pro,0.253,0,14.29
CUST-00155,3.97,14.47,43.23,3,3,164.11,0,799.61,credit_card,pro,0.667,1,38.1
CUST-00156,3.18,25.39,58.88,1,4,154.9,0,709.59,bank_transfer,basic,0.302,1,13.06
CUST-00157,6.34,15.26,36.56,0,4,228.71,1,1028.62,bank_transfer,basic,0.73,0,0.37
CUST-00158,9.24,9.37,71.35,1,6,173.25,0,1500.41,crypto,pro,0.903,0,4.97
CUST-00159,12.71,8.45,33.35,0,3,125.35,0,428.84,credit_card,basic,0.352,0,3.86
CUST-00160,7.45,9.13,49.85,0,4,169.67,1,1024.4,credit_card,basic,0.745,0,10.97
CUST-00161,4.39,10.22,44.45,0,2,210.89,1,414.0,credit_card,basic,0.577,1,24.73
CUST-00162,8.25,9.36,57.96,2,4,108.98,0,602.14,credit_card,basic,0.861,0,31.97
CUST-00163,7.24,18.41,43.47,0,2,81.23,2,327.18,credit_card,basic,0.269,1,10.78
CUST-00164,4.4,1.0,50.12,1,0,299.56,0,44.41,credit_card,basic,0.813,0,5.62
CUST-00165,7.09,18.03,50.75,1,5,141.45,0,1078.45,bank_transfer,pro,0.135,1,7.4
CUST-00166,7.0,9.34,41.78,1,5,171.76,2,1341.92,credit_card,enterprise,0.678,1,4.43
CUST-00167,3.95,14.64,63.73,1,3,156.13,0,510.88,paypal,basic,0.535,0,3.78
CUST-00168,2.71,4.11,59.29,4,4,212.89,0,1309.4,bank_transfer,basic,0.221,1,4.83
CUST-00169,6.58,21.3,53.4,2,3,286.37,0,1351.18,paypal,pro,0.466,0,0.34
CUST-00170,1.68,20.72,47.25,1,4,214.8,1,1045.18,credit_card,basic,0.948,1,9.55
CUST-00171,1.34,18.72,69.34,3,8,88.9,0,813.51,credit_card,enterprise,0.732,1,24.84
CUST-00172,5.26,1.4,50.75,0,4,96.95,0,405.63,credit_card,pro,0.552,0,31.23
CUST-00173,6.46,17.8,49.48,1,3,156.06,1,629.83,paypal,basic,0.393,1,5.82
CUST-00174,5.23,14.83,56.88,2,7,163.91,0,1504.73,credit_card,basic,0.816,0,2.52
CUST-00175,5.65,1.0,85.54,0,6,76.68,1,564.11,credit_card,basic,0.647,0,3.6
CUST-00176,6.38,11.83,30.87,0,3,229.16,2,791.0,crypto,pro,0.864,1,8.42
CUST-00177,10.98,14.55,68.86,1,4,114.82,2,648.81,paypal,basic,0.562,0,6.78
CUST-00178,7.54,15.89,20.92,0,4,269.6,1,914.73,bank_transfer,enterprise,0.642,0,2.06
CUST-00179,7.38,13.24,58.91,1,3,289.24,0,1380.42,credit_card,pro,0.725,0,5.16
CUST-00180,4.96,14.04,83.35,1,2,165.1,0,416.94,crypto,enterprise,0.765,0,13.27
CUST-00181,5.1,22.32,63.8,1,3,206.34,0,585.9,credit_card,enterprise,0.869,0,2.25
CUST-00182,3.71,20.58,58.07,3,0,106.08,1,37.09,credit_card,basic,0.891,1,2.82
CUST-00183,5.53,1.0,44.91,2,2,217.42,1,689.57,bank_transfer,basic,0.899,1,8.54
CUST-00184,1.6,9.78,55.56,1,7,150.11,0,1521.66,bank_transfer,pro,0.867,0,20.14
CUST-00185,11.01,10.85,50.46,0,4,114.77,0,445.9,credit_card,basic,0.799,0,5.84
CUST-00186,2.04,1.0,40.85,1,5,162.64,0,778.47,credit_card,basic,0.877,0,1.57
CUST-00187,7.53,12.66,49.78,1,5,152.06,2,896.81,credit_card,basic,0.636,1,1.57
CUST-00188,10.1,20.74,58.57,1,2,160.49,2,345.92,bank_transfer,basic,0.962,1,5.44
CUST-00189,7.52,4.39,41.19,1,3,236.98,0,1002.57,bank_transfer,enterprise,0.709,1,36.5
CUST-00190,17.1,14.35,40.49,0,1,132.88,0,156.49,credit_card,basic,0.917,0,28.69
CUST-00191,0.47,5.59,30.52,0,6,284.1,1,2064.66,credit_card,pro,0.626,0,10.43
CUST-00192,2.86,7.3,62.03,0,5,100.5,0,578.17,paypal,enterprise,0.801,0,12.79
CUST-00193,9.98,22.34,64.82,0,6,276.93,1,1923.62,paypal,basic,0.901,0,6.26
CUST-00194,1.29,8.2,59.17,0,5,119.01,1,706.85,credit_card,pro,0.707,1,17.1
CUST-00195,2.09,15.24,72.37,1,2,179.94,1,363.88,paypal,basic,0.419,0,1.22
CUST-00196,6.1,1.0,56.58,0,3,150.59,0,484.96,crypto,basic,0.132,1,24.1
CUST-00197,4.34,25.04,62.06,0,5,159.38,1,685.24,credit_card,basic,0.5,0,3.55
CUST-00198,5.83,16.22,60.47,0,3,228.08,2,633.78,paypal,basic,0.798,0,18.09
CUST-00199,4.63,10.72,53.35,1,2,269.99,0,867.53,paypal,basic,0.268,1,12.35
CUST-00200,4.95,16.03,45.45,1,4,251.43,2,1034.29,paypal,basic,0.549,0,4.76
CUST-00201,2.28,2.13,94.85,0,5,155.71,0,873.97,bank_transfer,basic,0.467,0,6.69
CUST-00202,4.83,20.28,46.86,1,2,191.06,1,384.47,paypal,basic,0.697,1,9.01
CUST-00203,3.02,9.73,43.01,0,4,133.08,1,778.35,paypal,pro,0.583,0,7.83
CUST-00204,3.37,10.57,62.81,0,1,120.51,0,232.72,credit_card,basic,0.492,0,27.42
CUST-00205,7.46,8.56,59.53,4,4,111.22,2,669.07,paypal,pro,0.565,0,11.71
CUST-00206,1.23,7.94,29.71,1,7,153.75,1,1354.07,credit_card,enterprise,0.912,0,2.52
CUST-00207,0.26,16.86,75.21,1,6,194.98,0,1665.66,credit_card,pro,0.503,0,28.81
CUST-00208,7.08,13.79,53.3,2,5,65.29,0,387.39,credit_card,pro,0.401,0,6.56
CUST-00209,4.84,16.56,35.0,2,0,177.22,0,62.31,paypal,pro,0.661,1,1.6
CUST-00210,10.09,11.94,76.4,1,1,270.96,0,368.23,crypto,pro,0.784,1,1.55
CUST-00211,2.14,15.59,66.26,3,2,247.31,0,418.29,paypal,enterprise,0.246,0,4.09
CUST-00212,3.86,9.07,32.24,2,8,144.89,0,1413.57,bank_transfer,enterprise,0.841,0,0.06
CUST-00213,4.47,27.61,86.99,0,4,96.19,2,444.69,credit_card,basic,0.416,1,7.13
CUST-00214,2.53,1.02,66.86,0,3,207.59,0,601.52,paypal,pro,0.802,0,0.09
CUST-00215,1.91,20.83,54.82,1,5,40.95,1,393.37,crypto,pro,0.794,1,4.01
CUST-00216,7.34,21.58,83.62,2,2,246.61,1,448.44,credit_card,basic,0.904,0,5.51
CUST-00217,1.11,6.03,57.87,0,6,167.18,0,1368.87,bank_transfer,basic,0.509,0,5.28
CUST-00218,1.63,27.6,54.49,1,3,289.88,0,1340.9,paypal,pro,0.521,0,20.29
CUST-00219,3.76,18.97,43.11,2,5,76.38,2,517.35,credit_card,pro,0.779,1,0.33
CUST-00220,7.94,18.8,65.47,1,4,235.09,2,1051.01,paypal,basic,0.35,0,10.57
CUST-00221,2.67,12.2,63.58,1,7,173.97,1,1612.93,credit_card,basic,0.424,0,0.61
CUST-00222,2.39,10.48,55.26,3,2,160.14,0,494.84,credit_card,basic,0.819,0,17.49
CUST-00223,3.59,10.53,40.78,1,2,97.81,0,276.0,credit_card,pro,0.702,0,1.56
CUST-00224,5.45,14.73,57.34,0,4,215.74,2,887.54,credit_card,enterprise,0.456,1,7.26
CUST-00225,3.16,21.81,53.74,0,2,220.57,0,634.39,credit_card,enterprise,0.584,0,14.23
CUST-00226,8.65,13.27,31.0,1,4,287.11,0,1796.68,bank_transfer,basic,0.101,1,18.02
CUST-00227,8.9,5.62,28.51,1,4,240.48,2,1000.31,credit_card,basic,0.659,0,16.42
CUST-00228,3.76,17.77,65.17,0,5,144.37,0,810.7,bank_transfer,pro,0.542,0,6.58
CUST-00229,14.17,18.45,8.17,1,2,119.77,1,402.06,paypal,pro,0.513,0,22.78
CUST-00230,4.39,16.58,58.7,3,5,97.89,0,475.39,credit_card,basic,0.806,0,17.53
CUST-00231,8.69,17.22,46.39,1,4,268.39,0,970.79,credit_card,basic,0.691,0,28.78
CUST-00232,5.34,10.1,78.55,2,4,133.31,0,702.6,bank_transfer,basic,0.365,0,10.22
CUST-00233,5.26,5.5,46.12,0,6,268.81,0,1359.41,paypal,pro,0.467,0,12.42
CUST-00234,0.85,5.92,66.87,0,4,211.5,1,840.29,bank_transfer,pro,0.543,1,4.37
CUST-00235,1.5,1.0,47.86,0,5,199.79,0,1250.15,credit_card,basic,0.704,0,3.4
CUST-00236,3.29,13.66,57.05,3,5,161.59,2,1114.9,paypal,enterprise,0.764,0,0.29
CUST-00237,8.85,11.42,68.26,1,2,219.64,0,558.16,bank_transfer,pro,0.944,0,5.96
CUST-00238,5.39,8.92,46.67,1,8,179.07,1,1595.69,crypto,enterprise,0.337,1,7.59
CUST-00239,3.31,1.0,72.94,0,2,157.85,1,454.99,credit_card,basic,0.648,0,2.11
CUST-00240,6.5,3.27,37.11,1,4,221.76,0,1205.93,crypto,basic,0.642,0,0.96
CUST-00241,8.63,19.85,60.3,2,6,171.36,0,1466.08,credit_card,enterprise,0.203,1,6.74
CUST-00242,4.19,7.35,71.61,3,4,132.1,1,726.14,bank_transfer,enterprise,0.858,0,9.46
CUST-00243,4.93,14.52,66.88,3,4,215.99,0,1157.93,paypal,enterprise,0.104,1,50.89
CUST-00244,4.47,2.27,89.5,0,7,176.16,0,1835.41,paypal,pro,0.926,0,14.94
CUST-00245,3.99,22.07,41.26,0,4,209.33,1,1201.72,credit_card,basic,0.668,1,0.47
CUST-00246,2.12,10.99,30.18,1,3,152.77,1,456.69,bank_transfer,basic,0.66,0,6.59
CUST-00247,1.98,14.03,37.1,0,3,107.45,0,536.63,credit_card,basic,0.576,1,0.52
CUST-00248,6.47,28.28,66.89,0,2,284.1,2,842.22,credit_card,enterprise,0.616,0,3.17
CUST-00249,8.74,22.62,63.96,1,3,272.8,0,903.56,paypal,basic,0.708,0,4.07
CUST-00250,3.31,9.85,56.84,3,5,233.03,0,980.1,paypal,pro,0.149,0,10.91
CUST-00251,3.25,7.85,34.79,2,4,156.73,0,817.79,credit_card,enterprise,0.706,0,17.41
CUST-00252,0.61,9.72,68.8,1,3,161.98,0,582.99,paypal,enterprise,0.701,1,6.08
CUST-00253,0.48,15.57,32.96,1,2,262.94,2,795.6,credit_card,enterprise,0.675,0,5.29
CUST-00254,10.3,11.26,75.86,2,5,158.77,0,984.0,paypal,pro,0.775,0,8.41
CUST-00255,2.25,9.23,100.0,1,4,142.05,0,529.0,paypal,basic,0.204,0,2.78
CUST-00256,17.88,22.27,61.6,2,2,292.33,0,607.88,paypal,enterprise,0.279,0,3.98
CUST-00257,2.61,11.2,65.5,0,5,177.14,0,1339.72,bank_transfer,basic,0.751,0,9.63
CUST-00258,0.89,28.1,46.13,1,3,286.11,2,772.92,paypal,basic,0.761,1,3.12
CUST-00259,4.5,12.64,22.42,3,5,96.1,1,714.99,credit_card,enterprise,0.62,0,0.62
CUST-00260,7.28,24.5,44.15,2,7,211.09,1,1548.1,paypal,pro,0.878,1,4.25
CUST-00261,6.72,14.5,35.33,1,1,304.26,0,409.2,credit_card,basic,0.987,1,3.6
CUST-00262,7.79,18.74,28.95,1,3,181.79,1,665.24,credit_card,basic,0.749,0,2.69
CUST-00263,1.75,6.93,86.0,1,5,164.16,1,831.99,bank_transfer,basic,0.905,0,0.37
CUST-00264,10.14,6.02,59.91,1,3,109.93,2,472.03,credit_card,enterprise,0.639,0,35.08
CUST-00265,10.54,15.22,61.83,0,5,244.94,0,1619.85,credit_card,pro,0.92,0,2.46
CUST-00266,10.85,18.92,49.44,2,4,133.79,1,484.68,crypto,basic,0.81,0,10.29
CUST-00267,5.06,12.28,51.89,1,3,174.31,1,568.56,credit_card,pro,0.824,1,4.01
CUST-00268,3.1,3.0,72.36,0,2,105.93,0,310.36,credit_card,enterprise,0.663,0,25.0
CUST-00269,2.88,2.48,54.42,0,4,273.41,1,1485.94,credit_card,enterprise,0.669,1,1.08
CUST-00270,0.88,2.01,64.55,3,3,249.29,1,940.83,credit_card,basic,0.437,0,22.46
CUST-00271,2.66,1.0,51.47,0,5,178.1,0,1243.09,paypal,pro,0.696,0,0.6
CUST-00272,0.23,12.77,48.84,1,4,110.75,0,432.93,bank_transfer,basic,0.717,1,20.07
CUST-00273,0.75,19.88,29.68,3,3,272.15,3,757.21,paypal,basic,0.221,1,14.49
CUST-00274,5.02,11.91,19.4,2,5,158.04,0,1086.37,credit_card,basic,0.769,0,7.27
CUST-00275,3.4,1.0,50.29,1,8,113.69,1,1229.12,paypal,basic,0.734,1,11.67
CUST-00276,4.86,10.66,56.02,1,1,74.27,0,189.36,credit_card,pro,0.776,0,1.25
CUST-00277,6.89,10.86,31.85,3,3,141.24,1,442.78,paypal,basic,0.554,0,9.05
CUST-00278,5.54,26.67,54.38,1,6,92.72,0,671.82,paypal,basic,0.456,0,19.28
CUST-00279,5.2,1.8,55.97,0,4,142.63,1,781.17,credit_card,basic,0.657,1,42.15
CUST-00280,3.89,9.27,16.19,0,5,224.66,0,1098.75,bank_transfer,basic,0.517,0,0.77
CUST-00281,2.18,23.94,38.53,1,5,157.48,1,970.4,bank_transfer,pro,0.744,0,11.23
CUST-00282,1.3,15.15,62.33,0,4,201.34,0,1047.98,credit_card,basic,0.9,0,3.06
CUST-00283,2.72,15.94,61.97,2,1,136.6,1,184.55,paypal,basic,0.78,0,3.68
CUST-00284,3.94,12.8,34.23,1,8,183.91,0,1588.43,paypal,enterprise,0.537,0,4.71
CUST-00285,4.33,14.31,57.85,2,3,295.25,0,890.6,credit_card,basic,0.77,0,7.93
CUST-00286,7.8,17.44,73.4,5,2,159.09,0,543.65,credit_card,enterprise,0.728,1,30.0
CUST-00287,3.67,6.33,68.99,2,0,203.07,0,65.82,paypal,pro,0.907,0,1.61
CUST-00288,6.2,18.15,53.28,0,6,86.07,0,487.52,bank_transfer,pro,0.946,0,11.51
CUST-00289,1.02,2.39,46.58,0,5,271.21,1,1159.72,paypal,pro,0.611,0,0.3
CUST-00290,5.07,14.3,43.67,3,4,151.37,2,548.06,paypal,basic,0.847,0,8.15
CUST-00291,4.81,13.25,63.42,0,1,243.03,0,302.63,paypal,pro,0.658,1,1.44
CUST-00292,10.14,7.69,58.51,1,1,172.61,0,236.55,credit_card,pro,0.783,0,8.28
CUST-00293,3.4,11.84,66.33,5,4,216.69,1,729.95,credit_card,basic,0.55,1,11.41
CUST-00294,3.29,7.64,57.37,0,3,220.26,0,767.42,credit_card,pro,0.309,0,5.94
CUST-00295,6.92,4.5,69.74,0,5,152.85,0,679.98,bank_transfer,basic,0.855,0,4.63
CUST-00296,1.41,9.52,56.7,1,7,245.51,0,1873.68,bank_transfer,enterprise,0.653,0,6.93
CUST-00297,4.97,4.27,69.12,0,2,134.46,2,256.27,bank_transfer,pro,0.698,0,4.67
CUST-00298,1.34,14.26,70.67,1,1,226.68,1,277.74,credit_card,basic,0.441,0,16.75
CUST-00299,13.24,3.95,40.52,4,2,156.59,0,471.73,paypal,enterprise,0.952,0,11.76
CUST-00300,2.94,16.98,22.45,1,2,200.97,0,614.17,paypal,enterprise,0.815,0,7.53
CUST-00301,1.25,3.73,82.78,1,5,152.28,1,759.09,credit_card,pro,0.197,0,8.53
CUST-00302,2.7,8.04,59.62,0,2,183.0,0,572.45,credit_card,basic,0.664,1,5.06
CUST-00303,5.0,7.63,24.14,2,2,115.52,0,384.33,bank_transfer,pro,0.59,0,1.53
CUST-00304,6.06,21.28,42.15,1,3,194.85,3,503.42,paypal,pro,0.444,0,2.35
CUST-00305,9.78,14.31,68.89,1,4,182.65,0,836.03,paypal,basic,0.891,0,6.54
CUST-00306,2.43,10.52,49.97,0,4,147.59,1,850.34,credit_card,enterprise,0.583,0,0.88
CUST-00307,7.15,15.49,45.78,0,3,176.7,2,575.01,paypal,pro,0.239,0,23.63
CUST-00308,0.75,1.0,80.22,1,4,188.04,2,849.71,credit_card,enterprise,0.697,1,14.14
CUST-00309,1.64,11.7,36.15,1,2,143.02,1,385.57,credit_card,pro,0.669,1,12.49
CUST-00310,1.05,25.98,40.63,0,2,172.27,1,334.56,paypal,basic,0.269,0,12.55
CUST-00311,2.07,12.93,58.8,1,6,119.67,0,1129.82,credit_card,enterprise,0.472,0,0.9
CUST-00312,6.92,12.48,62.03,2,5,320.74,3,1535.08,crypto,pro,0.274,0,5.94
CUST-00313,2.48,15.84,63.93,1,10,243.55,0,2038.06,credit_card,basic,0.166,0,22.44
CUST-00314,2.9,18.27,71.4,0,6,196.39,0,990.55,credit_card,basic,0.812,0,9.51
CUST-00315,5.1,1.0,58.57,3,2,250.33,2,563.3,credit_card,basic,0.183,1,11.33
CUST-00316,5.88,1.0,63.81,1,4,61.24,0,432.55,paypal,pro,0.8,1,77.44
CUST-00317,2.97,13.47,50.33,1,6,26.54,1,278.36,credit_card,basic,0.372,0,0.74
CUST-00318,1.63,7.0,56.13,1,4,156.04,0,964.96,credit_card,enterprise,0.462,0,2.24
CUST-00319,11.83,21.18,56.94,3,0,97.29,2,83.29,credit_card,enterprise,0.647,1,2.65
CUST-00320,2.99,9.79,58.87,1,4,165.8,0,778.58,credit_card,pro,0.733,1,7.28
CUST-00321,3.24,1.0,68.91,0,4,192.34,2,905.71,paypal,basic,0.854,0,37.24
CUST-00322,3.58,3.12,64.99,1,1,235.22,1,261.5,credit_card,pro,0.766,0,4.57
CUST-00323,6.33,1.0,55.8,0,3,111.7,2,574.91,credit_card,basic,0.645,1,29.95
CUST-00324,0.97,10.36,40.44,0,3,203.98,1,736.95,bank_transfer,pro,0.884,0,0.21
CUST-00325,14.92,10.68,56.22,1,4,180.86,0,816.23,credit_card,basic,0.766,0,12.38
CUST-00326,3.17,9.03,54.5,0,4,200.85,0,1015.52,paypal,enterprise,0.684,0,18.72
CUST-00327,6.48,19.55,58.48,1,6,148.81,1,1281.48,credit_card,basic,0.616,1,2.64
CUST-00328,1.26,20.39,94.72,2,3,262.99,0,788.73,paypal,basic,0.949,0,2.9
CUST-00329,4.72,10.81,45.57,2,9,173.79,1,2123.82,credit_card,enterprise,0.415,1,16.98
CUST-00330,13.43,1.0,62.6,0,5,286.45,2,1900.92,credit_card,basic,0.929,0,5.49
CUST-00331,12.2,16.32,74.23,0,7,132.58,0,1352.22,credit_card,enterprise,0.662,0,6.6
CUST-00332,6.36,15.89,56.76,0,2,224.57,1,410.81,crypto,enterprise,0.696,0,9.66
CUST-00333,1.94,14.17,97.08,3,5,176.42,0,836.38,credit_card,basic,0.272,0,5.49
CUST-00334,9.43,18.87,48.2,2,5,160.34,3,959.69,bank_transfer,basic,0.712,1,10.28
CUST-00335,0.74,3.85,60.83,2,2,217.94,2,708.38,bank_transfer,pro,0.587,1,2.24
CUST-00336,1.88,26.06,40.62,2,6,162.05,2,1514.71,credit_card,pro,0.75,1,27.36
CUST-00337,3.91,5.28,48.67,1,4,20.28,0,189.85,credit_card,enterprise,0.713,0,23.75
CUST-00338,0.82,17.24,59.48,0,3,20.0,0,125.84,credit_card,basic,0.536,0,5.31
CUST-00339,2.7,1.0,70.23,0,4,256.35,0,999.4,crypto,pro,0.291,0,1.39
CUST-00340,7.25,5.49,60.74,2,4,253.82,0,1270.73,paypal,basic,0.86,0,4.83
CUST-00341,2.26,22.61,77.66,0,2,293.24,0,581.83,paypal,pro,0.05,1,3.23
CUST-00342,7.49,10.17,53.29,0,4,178.95,1,927.24,credit_card,pro,0.719,0,1.63
CUST-00343,17.56,17.88,49.02,0,1,102.44,0,168.11,bank_transfer,enterprise,0.643,0,8.28
CUST-00344,5.55,13.66,100.0,2,9,154.82,0,1541.6,credit_card,basic,0.798,0,4.97
CUST-00345,7.4,11.27,62.1,1,3,180.69,0,637.71,credit_card,basic,0.78,0,9.22
CUST-00346,9.65,21.55,42.05,0,3,119.58,1,361.58,credit_card,basic,0.212,1,5.33
CUST-00347,2.91,10.34,42.5,0,7,278.91,0,1946.82,credit_card,basic,0.299,0,37.9
CUST-00348,7.28,1.0,38.03,6,0,314.37,1,47.85,bank_transfer,basic,0.688,1,0.63
CUST-00349,2.85,6.38,71.86,0,5,208.7,0,1149.54,bank_transfer,enterprise,0.64,0,16.19
CUST-00350,5.26,15.86,48.44,0,2,179.35,1,378.64,credit_card,basic,0.796,1,5.16
CUST-00351,8.06,14.77,57.29,0,2,102.3,3,219.84,credit_card,basic,0.89,0,0.79
CUST-00352,2.03,1.03,53.86,0,4,272.79,2,1007.03,bank_transfer,pro,0.267,1,12.88
CUST-00353,0.27,6.93,68.17,1,3,184.58,1,741.39,paypal,basic,0.425,1,5.58
CUST-00354,1.86,7.93,39.76,2,3,162.65,1,664.01,credit_card,basic,0.681,1,13.76
CUST-00355,8.89,9.44,35.64,1,4,208.87,0,1040.14,credit_card,enterprise,0.562,1,9.17
CUST-00356,1.65,2.37,59.04,0,0,144.86,0,48.3,paypal,basic,0.746,0,18.95
CUST-00357,8.55,7.6,65.82,0,5,188.81,1,917.04,crypto,basic,0.937,0,5.77
CUST-00358,1.86,6.9,60.99,1,4,93.45,0,490.99,paypal,pro,0.891,0,29.83
CUST-00359,3.49,17.4,40.43,3,5,245.23,0,1087.73,credit_card,basic,0.325,0,5.25
CUST-00360,4.12,17.66,67.19,2,3,173.74,1,832.79,paypal,basic,0.906,0,0.32
CUST-00361,1.64,10.98,41.61,2,4,249.53,1,887.39,credit_card,basic,0.625,0,53.09
CUST-00362,3.52,9.26,45.61,0,4,167.93,0,777.49,bank_transfer,basic,0.819,0,5.38
CUST-00363,0.88,12.98,38.01,1,3,171.83,1,442.52,credit_card,enterprise,0.8,1,3.8
CUST-00364,3.13,6.28,78.42,0,2,107.26,2,390.25,credit_card,basic,0.562,0,2.45
CUST-00365,3.86,3.97,66.4,0,4,225.59,0,884.3,credit_card,basic,0.351,0,4.58
CUST-00366,0.29,5.42,65.89,1,5,127.45,0,965.14,credit_card,basic,0.828,1,7.2
CUST-00367,1.84,7.56,77.45,1,6,150.81,1,796.31,credit_card,enterprise,0.316,0,4.4
CUST-00368,5.15,3.86,100.0,3,1,180.06,1,250.98,paypal,basic,0.706,1,7.82
CUST-00369,1.46,13.13,24.23,0,7,187.27,0,1699.81,bank_transfer,enterprise,0.118,0,4.91
CUST-00370,5.79,17.11,41.71,1,3,77.63,1,294.51,bank_transfer,basic,0.803,0,8.61
CUST-00371,6.2,1.0,43.91,4,4,166.15,1,670.58,credit_card,enterprise,0.451,1,1.03
CUST-00372,5.13,12.18,39.69,0,4,227.71,1,1011.73,credit_card,basic,0.682,0,1.98
CUST-00373,7.21,10.46,35.6,1,1,157.3,0,217.06,credit_card,basic,0.744,0,3.44
CUST-00374,0.82,14.39,49.61,1,4,166.52,2,993.89,credit_card,basic,0.768,0,4.32
CUST-00375,8.31,11.91,33.1,1,2,189.74,1,402.53,credit_card,basic,0.793,0,4.24
CUST-00376,1.66,1.82,61.03,0,3,172.44,1,603.97,bank_transfer,pro,0.604,0,8.79
CUST-00377,4.49,3.16,55.93,0,9,118.17,0,1094.53,crypto,pro,0.752,1,47.96
CUST-00378,13.08,12.21,63.66,1,5,177.82,2,828.17,credit_card,pro,0.747,1,4.24
CUST-00379,3.08,19.2,64.14,1,1,239.64,0,358.63,bank_transfer,basic,0.601,1,26.91
CUST-00380,4.2,1.0,65.85,0,7,116.93,1,877.31,paypal,pro,0.366,0,16.69
CUST-00381,1.67,14.42,48.28,0,4,157.53,0,647.48,credit_card,basic,0.717,0,19.11
CUST-00382,12.99,20.33,93.18,2,3,97.1,0,444.46,paypal,enterprise,0.362,0,4.78
CUST-00383,1.85,10.93,59.22,3,5,236.48,0,1582.57,credit_card,pro,0.807,0,10.05
CUST-00384,6.59,15.85,21.48,2,3,174.46,0,740.14,credit_card,pro,0.527,1,13.63
CUST-00385,9.64,7.08,36.96,1,3,128.99,1,386.53,crypto,enterprise,0.786,0,1.94
CUST-00386,7.04,11.16,23.67,0,4,185.54,0,1133.36,paypal,pro,0.783,0,21.25
CUST-00387,5.37,1.0,55.31,1,3,107.78,1,454.17,credit_card,pro,0.911,0,4.18
CUST-00388,4.44,1.0,52.81,0,3,117.99,1,453.8,credit_card,basic,0.807,1,2.61
CUST-00389,1.25,18.6,46.57,0,2,92.39,1,160.65,crypto,pro,0.653,0,17.5
CUST-00390,12.61,5.11,91.2,0,6,115.99,2,1092.24,credit_card,basic,0.574,0,15.9
CUST-00391,5.05,8.81,64.88,2,5,261.44,0,1551.18,bank_transfer,basic,0.731,0,11.97
CUST-00392,4.21,2.29,68.07,0,4,136.01,1,803.08,bank_transfer,pro,0.948,0,0.01
CUST-00393,1.54,2.13,38.24,1,2,207.97,0,585.19,credit_card,basic,0.117,1,7.64
CUST-00394,4.36,10.78,37.02,2,2,129.82,1,426.66,paypal,pro,0.972,1,2.11
CUST-00395,4.0,6.89,55.66,3,7,225.57,0,2074.68,paypal,basic,0.776,0,1.99
CUST-00396,13.08,14.65,58.11,1,6,118.44,1,1045.73,bank_transfer,basic,0.55,0,21.13
CUST-00397,4.2,15.17,21.59,1,4,182.35,0,731.21,credit_card,enterprise,0.68,0,3.39
CUST-00398,4.31,14.25,51.75,0,0,183.17,0,32.97,credit_card,basic,0.83,0,9.19
CUST-00399,1.56,13.67,55.25,2,1,319.67,1,460.04,credit_card,pro,0.823,1,4.08
CUST-00400,2.19,23.04,51.13,0,5,217.83,2,1333.44,paypal,pro,0.513,0,3.75
CUST-00401,6.04,4.53,40.36,0,5,144.43,2,911.95,bank_transfer,enterprise,0.902,0,7.08
CUST-00402,0.65,11.62,45.29,1,2,221.1,1,645.69,bank_transfer,basic,0.618,0,2.3
CUST-00403,8.28,19.93,51.82,3,5,308.29,0,1886.75,paypal,pro,0.731,0,29.51
CUST-00404,8.43,20.85,56.63,0,6,82.22,0,760.21,credit_card,basic,0.859,1,4.13
CUST-00405,1.99,2.05,65.89,0,3,129.45,1,445.8,credit_card,basic,0.24,0,20.71
CUST-00406,5.38,9.81,74.46,1,2,165.79,1,556.87,bank_transfer,basic,0.725,1,4.35
CUST-00407,9.86,21.51,49.7,0,7,154.97,0,990.38,paypal,basic,0.508,0,7.01
CUST-00408,3.75,15.56,46.79,1,8,160.03,0,1665.41,bank_transfer,basic,0.858,0,0.32
CUST-00409,3.22,13.37,62.88,2,5,101.75,1,752.35,credit_card,basic,0.687,0,11.52
CUST-00410,3.55,10.48,66.0,2,4,264.24,0,1032.52,credit_card,basic,0.685,0,22.42
CUST-00411,5.04,9.31,47.18,2,4,94.64,0,448.68,bank_transfer,pro,0.714,0,19.89
CUST-00412,2.45,14.02,69.23,1,2,167.99,0,400.05,credit_card,basic,0.597,0,9.66
CUST-00413,3.0,10.23,72.63,0,1,242.75,1,361.2,credit_card,basic,0.724,1,1.55
CUST-00414,5.11,11.7,78.25,0,7,178.19,0,1401.36,paypal,basic,0.925,0,9.71
CUST-00415,2.8,12.55,87.01,1,5,121.24,1,600.62,paypal,basic,0.784,0,3.98
CUST-00416,1.43,7.25,39.4,2,2,99.08,0,340.26,crypto,pro,0.06,1,4.68
CUST-00417,0.58,15.72,55.25,1,6,166.2,1,995.74,bank_transfer,enterprise,0.804,1,22.45
CUST-00418,4.27,32.4,55.2,1,7,134.58,1,1178.48,paypal,pro,0.734,0,11.16
CUST-00419,9.44,1.0,53.23,0,5,192.31,0,1272.25,credit_card,pro,0.935,0,6.19
CUST-00420,5.58,14.27,43.31,2,6,95.91,0,512.97,credit_card,basic,0.823,1,36.86
CUST-00421,1.48,6.68,28.26,2,4,228.78,0,825.44,bank_transfer,enterprise,0.34,1,2.16
CUST-00422,2.18,16.04,56.67,0,4,186.93,0,1136.44,credit_card,basic,0.961,0,6.02
CUST-00423,3.2,12.33,41.17,0,3,191.39,2,828.95,crypto,basic,0.76,1,1.64
CUST-00424,13.36,17.33,56.55,0,5,266.46,0,1145.28,paypal,basic,0.474,0,18.06
CUST-00425,13.84,20.23,40.71,1,5,153.73,1,1122.34,credit_card,basic,0.25,0,1.23
CUST-00426,12.78,13.35,35.21,1,3,136.45,0,603.06,paypal,pro,0.303,0,23.31
CUST-00427,4.6,19.92,59.22,2,4,147.13,0,549.98,paypal,basic,0.777,1,4.9
CUST-00428,25.15,1.0,57.72,1,6,168.45,1,1320.75,credit_card,basic,0.567,0,0.92
CUST-00429,2.28,23.13,65.43,2,4,174.54,0,855.55,credit_card,basic,0.964,0,2.16
CUST-00430,3.1,14.63,94.35,1,1,130.16,0,151.58,paypal,enterprise,0.868,0,11.62
CUST-00431,7.84,19.54,59.99,1,6,58.61,1,556.95,credit_card,pro,0.17,0,2.27
CUST-00432,5.13,3.46,63.73,2,6,146.34,1,923.66,credit_card,enterprise,0.714,0,4.39
CUST-00433,5.35,6.18,35.6,1,3,201.59,2,642.51,paypal,enterprise,0.409,0,2.88
CUST-00434,1.73,13.02,31.84,1,2,188.18,0,394.88,bank_transfer,enterprise,0.762,0,16.77
CUST-00435,3.98,11.88,83.49,0,4,251.97,1,1457.23,paypal,basic,0.785,1,9.14
CUST-00436,2.31,13.98,38.38,3,4,297.33,0,1611.76,crypto,basic,0.736,1,17.18
CUST-00437,1.16,19.59,36.21,3,3,225.56,0,1034.29,bank_transfer,basic,0.083,1,0.93
CUST-00438,2.55,1.0,54.3,3,4,262.95,1,1072.88,credit_card,basic,0.564,1,3.9
CUST-00439,5.13,18.82,53.38,0,4,226.01,1,1301.09,credit_card,pro,0.483,0,0.85
CUST-00440,6.97,12.06,38.75,0,2,282.59,0,745.54,bank_transfer,basic,0.312,1,5.43
CUST-00441,0.56,10.57,49.51,2,6,291.05,0,1839.1,credit_card,basic,0.814,0,3.45
CUST-00442,4.13,1.7,77.13,2,3,237.07,1,630.07,bank_transfer,pro,0.398,1,0.1
CUST-00443,3.84,15.52,40.49,0,6,222.38,0,1919.41,paypal,basic,0.913,0,2.36
CUST-00444,4.94,1.0,29.91,2,0,167.69,0,63.03,credit_card,basic,0.902,0,2.65
CUST-00445,1.51,16.54,71.97,4,4,177.52,0,948.23,paypal,basic,0.754,0,9.23
CUST-00446,1.54,1.56,63.86,1,4,159.73,0,810.6,paypal,pro,0.839,0,0.29
CUST-00447,9.61,12.37,43.83,1,3,217.28,0,588.23,bank_transfer,basic,0.612,0,43.97
CUST-00448,2.01,11.17,26.52,1,6,136.78,0,1288.27,credit_card,basic,0.109,0,11.08
CUST-00449,2.98,20.19,41.6,1,2,168.53,1,541.02,bank_transfer,basic,0.408,0,13.13
CUST-00450,3.24,10.75,54.02,0,2,38.69,0,154.72,credit_card,pro,0.956,1,2.87
CUST-00451,2.34,7.14,75.98,0,4,283.39,0,1494.92,bank_transfer,basic,0.976,0,5.82
CUST-00452,5.91,8.45,36.34,2,3,166.77,0,605.53,bank_transfer,basic,0.777,1,28.15
CUST-00453,5.56,20.91,53.48,2,2,207.33,1,604.58,credit_card,enterprise,0.776,0,7.91
CUST-00454,3.71,15.75,67.15,1,3,267.47,0,753.27,credit_card,enterprise,0.574,0,36.22
CUST-00455,2.46,9.3,12.14,0,5,198.02,1,1124.6,bank_transfer,basic,0.792,0,1.24
CUST-00456,3.48,10.34,73.61,1,4,266.66,2,1142.1,bank_transfer,basic,0.804,0,93.84
CUST-00457,4.4,1.03,33.72,4,4,105.5,0,535.42,credit_card,basic,0.368,1,6.36
CUST-00458,2.18,14.72,60.98,1,5,323.84,0,1889.96,paypal,pro,0.869,0,0.96
CUST-00459,6.23,1.0,59.44,0,4,245.23,0,937.97,bank_transfer,basic,0.955,1,25.59
CUST-00460,8.24,17.26,74.52,1,9,192.55,0,2570.93,credit_card,enterprise,0.56,0,2.52
CUST-00461,10.73,12.9,64.92,1,2,265.5,1,481.51,paypal,pro,0.139,0,6.8
CUST-00462,10.3,28.71,12.21,1,7,109.88,0,652.11,credit_card,pro,0.939,0,1.1
CUST-00463,3.22,4.3,40.87,0,2,162.68,0,408.04,credit_card,basic,0.39,0,5.78
CUST-00464,4.56,11.28,57.49,0,6,266.66,2,2036.1,bank_transfer,enterprise,0.172,0,1.07
CUST-00465,3.65,24.59,51.49,2,4,67.98,1,294.44,credit_card,pro,0.855,0,3.69
CUST-00466,3.64,20.34,63.6,2,4,213.63,1,1058.8,bank_transfer,pro,0.823,1,4.64
CUST-00467,3.46,7.13,69.21,3,2,211.93,1,618.25,paypal,basic,0.768,1,17.3
CUST-00468,4.19,13.57,65.95,0,4,298.15,0,1099.19,paypal,pro,0.797,1,3.84
CUST-00469,9.17,12.01,51.14,4,0,85.02,1,73.87,credit_card,pro,0.584,1,3.7
CUST-00470,5.25,13.97,21.77,2,5,276.58,0,1506.52,credit_card,enterprise,0.776,1,6.93
CUST-00471,1.45,7.11,46.8,0,5,146.43,2,1000.95,bank_transfer,pro,0.127,1,1.29
CUST-00472,8.0,11.37,62.49,0,1,153.18,1,190.0,paypal,basic,0.711,0,5.83
CUST-00473,4.89,1.0,35.37,3,5,106.68,0,710.13,bank_transfer,basic,0.727,0,5.72
CUST-00474,5.96,12.95,66.36,1,3,114.73,1,578.26,credit_card,pro,0.834,0,11.12
CUST-00475,5.17,15.15,71.35,1,3,204.21,1,570.94,credit_card,enterprise,0.971,1,1.13
CUST-00476,5.35,10.41,57.28,1,2,113.26,0,258.29,credit_card,pro,0.94,0,2.68
CUST-00477,5.53,1.0,0.0,1,4,224.42,1,925.19,bank_transfer,basic,0.961,1,17.11
CUST-00478,0.71,18.92,31.99,4,2,140.22,0,247.96,credit_card,basic,0.427,1,5.34
CUST-00479,5.91,14.55,88.95,3,2,107.22,1,452.98,paypal,pro,0.755,0,5.75
CUST-00480,2.27,6.92,45.16,3,3,148.33,0,580.0,credit_card,enterprise,0.48,0,5.31
CUST-00481,2.79,10.04,19.29,1,2,200.2,0,579.97,credit_card,basic,0.65,0,1.82
CUST-00482,4.16,1.5,77.23,0,4,163.36,0,1038.43,paypal,basic,0.793,0,17.46
CUST-00483,11.87,4.82,55.24,2,3,182.05,1,812.53,paypal,enterprise,0.293,0,18.98
CUST-00484,1.7,8.24,74.89,3,7,221.77,0,2194.02,crypto,basic,0.617,0,6.0
CUST-00485,4.05,20.6,59.99,2,3,244.95,0,787.38,credit_card,basic,0.166,1,6.05
CUST-00486,3.39,7.52,63.25,0,5,161.39,0,886.17,paypal,basic,0.457,0,11.09
CUST-00487,7.92,16.48,61.53,2,1,117.35,0,146.31,credit_card,basic,0.677,1,27.45
CUST-00488,3.32,8.23,67.55,2,2,184.57,0,428.78,bank_transfer,basic,0.605,1,63.81
CUST-00489,4.93,13.74,95.99,0,2,208.24,1,513.43,paypal,pro,0.836,0,1.71
CUST-00490,1.7,11.01,72.48,6,1,92.36,0,132.4,credit_card,pro,0.762,1,3.64
CUST-00491,8.85,18.11,26.55,0,2,126.56,0,286.93,bank_transfer,pro,0.223,0,4.34
CUST-00492,1.06,8.26,63.04,2,4,136.85,0,683.68,credit_card,pro,0.126,1,10.13
CUST-00493,5.85,1.0,75.55,1,3,167.53,0,561.59,credit_card,basic,0.23,0,13.92
CUST-00494,4.95,2.33,76.65,1,2,134.34,0,281.9,credit_card,basic,0.688,0,7.16
CUST-00495,5.5,8.28,47.32,1,9,222.42,0,2193.61,credit_card,basic,0.201,0,1.04
CUST-00496,1.08,3.26,75.97,0,2,83.69,0,243.29,bank_transfer,basic,0.915,0,3.85
CUST-00497,3.26,14.87,71.7,2,2,85.22,1,257.15,paypal,pro,0.588,0,15.92
CUST-00498,7.66,8.74,100.0,0,8,159.97,2,1773.78,bank_transfer,basic,0.856,0,13.31
CUST-00499,13.06,28.62,41.5,1,5,169.46,0,844.83,bank_transfer,pro,0.677,0,0.63
CUST-00500,3.82,1.0,45.87,2,5,92.72,0,422.72,bank_transfer,basic,0.067,1,10.46
CUST-00501,7.16,13.43,49.49,1,2,143.6,0,333.25,credit_card,basic,0.559,0,10.85
CUST-00502,4.6,4.1,46.18,1,4,155.94,0,634.58,credit_card,basic,0.753,1,25.26
CUST-00503,3.98,8.55,38.98,2,4,156.4,0,716.36,credit_card,basic,0.053,0,41.95
CUST-00504,2.97,12.99,5.27,1,2,189.11,1,590.24,bank_transfer,pro,0.921,1,0.06
CUST-00505,4.18,1.0,47.18,2,5,140.31,1,683.9,bank_transfer,pro,0.068,1,12.67
CUST-00506,6.73,13.66,61.65,3,2,268.67,0,628.12,bank_transfer,basic,0.935,0,10.05
CUST-00507,7.12,25.32,46.12,1,3,209.29,2,908.14,credit_card,pro,0.724,0,0.09
CUST-00508,1.32,8.83,89.84,3,3,131.57,0,508.39,credit_card,pro,0.083,0,2.75
CUST-00509,2.75,13.82,55.24,2,3,185.67,0,527.09,bank_transfer,basic,0.682,1,8.61
CUST-00510,1.62,19.17,78.24,1,4,187.44,0,743.99,credit_card,basic,0.367,0,19.28
CUST-00511,4.34,10.85,59.71,4,3,252.88,0,1168.57,paypal,basic,0.698,1,32.49
CUST-00512,3.17,7.93,69.88,1,5,143.98,0,668.61,credit_card,basic,0.774,0,3.31
CUST-00513,5.36,1.0,60.03,0,3,226.04,0,914.39,credit_card,enterprise,0.395,0,6.4
CUST-00514,5.63,16.49,79.64,1,5,182.51,1,1281.37,paypal,basic,0.315,1,12.42
CUST-00515,0.35,11.21,56.01,1,2,269.49,0,580.72,crypto,basic,0.154,1,6.76
CUST-00516,4.15,4.91,63.93,1,5,257.45,0,1756.62,bank_transfer,pro,0.908,1,12.38
CUST-00517,9.3,12.89,61.59,1,5,191.82,1,896.28,credit_card,basic,0.448,1,15.55
CUST-00518,2.75,7.91,49.81,2,2,164.26,0,374.49,credit_card,pro,0.64,1,19.34
CUST-00519,2.68,8.3,62.29,3,2,210.4,1,473.22,bank_transfer,basic,0.783,0,12.42
CUST-00520,8.23,16.24,95.22,2,4,169.17,1,1119.02,paypal,basic,0.783,0,11.56
CUST-00521,7.35,2.63,50.13,1,1,280.82,0,279.29,credit_card,basic,0.756,1,4.07
CUST-00522,1.78,19.33,62.55,1,3,184.71,2,531.15,paypal,basic,0.419,0,2.83
CUST-00523,6.85,2.22,77.64,0,2,155.66,0,509.24,credit_card,basic,0.64,0,23.64
CUST-00524,2.16,7.36,75.52,5,4,152.42,1,620.07,credit_card,pro,0.556,1,10.99
CUST-00525,2.66,25.46,55.21,0,3,107.22,2,524.84,bank_transfer,pro,0.241,0,11.13
CUST-00526,1.78,19.89,12.1,1,8,213.39,0,2250.88,paypal,pro,0.886,0,1.01
CUST-00527,1.31,12.68,64.3,1,6,130.8,0,1020.87,credit_card,basic,0.636,0,12.8
CUST-00528,4.53,5.42,15.05,0,3,245.89,0,1033.52,credit_card,enterprise,0.948,0,0.02
CUST-00529,1.11,8.3,81.46,0,7,102.42,0,1009.62,crypto,basic,0.147,1,3.85
CUST-00530,4.67,12.51,58.05,0,6,187.63,0,1025.4,paypal,pro,0.66,0,4.38
CUST-00531,4.56,12.26,72.99,0,4,249.01,1,1594.47,paypal,pro,0.827,0,14.67
CUST-00532,3.69,11.36,38.76,1,6,50.87,0,479.46,credit_card,pro,0.706,0,3.95
CUST-00533,2.86,11.78,27.05,3,5,301.1,1,2197.11,crypto,basic,0.113,0,9.65
CUST-00534,2.41,10.5,59.69,1,9,154.48,0,1790.96,bank_transfer,pro,0.808,0,10.44
CUST-00535,1.58,1.91,54.4,2,7,188.47,2,1625.08,paypal,pro,0.702,1,40.3
CUST-00536,10.79,8.38,46.15,0,6,214.29,0,1518.24,credit_card,basic,0.782,0,23.12
CUST-00537,3.56,18.4,56.52,2,4,223.57,0,787.57,paypal,pro,0.296,1,11.63
CUST-00538,3.47,2.42,100.0,3,5,196.43,2,1183.38,bank_transfer,basic,0.359,1,2.49
CUST-00539,1.86,10.67,70.02,0,3,239.84,1,905.04,bank_transfer,basic,0.339,0,10.5
CUST-00540,10.04,6.26,73.89,0,7,211.14,0,1863.91,crypto,pro,0.777,0,7.01
CUST-00541,2.55,12.78,70.19,2,3,285.65,2,904.85,paypal,pro,0.72,0,0.7
CUST-00542,5.0,9.28,81.63,1,3,211.34,1,772.43,credit_card,basic,0.887,0,14.08
CUST-00543,5.72,22.34,51.58,1,5,297.88,1,1915.54,credit_card,basic,0.834,0,3.74
CUST-00544,4.53,15.55,18.01,2,1,234.06,1,326.35,bank_transfer,basic,0.429,1,7.83
CUST-00545,1.09,2.82,51.61,0,4,71.65,1,479.81,credit_card,basic,0.628,0,12.83
CUST-00546,6.65,16.7,69.61,1,2,336.67,0,907.18,credit_card,basic,0.533,0,20.86
CUST-00547,2.52,6.58,37.54,0,5,145.54,3,616.23,paypal,basic,0.417,0,10.07
CUST-00548,7.29,7.96,51.83,1,5,269.73,1,1142.27,credit_card,pro,0.375,1,27.61
CUST-00549,3.95,14.2,42.55,1,2,181.61,1,536.16,bank_transfer,basic,0.826,0,0.4
CUST-00550,5.98,8.56,82.04,1,3,243.67,1,833.2,credit_card,basic,0.431,1,3.36
CUST-00551,9.6,18.25,68.49,0,3,138.69,0,671.76,credit_card,basic,0.971,0,17.16
CUST-00552,6.48,6.58,66.73,1,5,217.54,0,1036.52,credit_card,basic,0.553,0,9.19
CUST-00553,6.08,7.67,66.19,1,5,164.81,0,693.61,paypal,basic,0.731,1,5.03
CUST-00554,6.86,7.41,54.33,0,5,274.74,0,1514.09,bank_transfer,basic,0.536,0,4.58
CUST-00555,2.09,8.04,58.56,2,6,206.32,0,1722.2,credit_card,basic,0.816,1,14.19
CUST-00556,7.51,19.69,33.67,0,5,236.16,1,1817.88,credit_card,basic,0.646,0,2.55
CUST-00557,3.35,16.4,15.64,3,8,50.16,0,620.41,credit_card,pro,0.583,1,23.69
CUST-00558,3.44,23.97,57.7,1,1,174.87,3,277.18,paypal,enterprise,0.607,1,5.11
CUST-00559,4.43,27.87,60.83,0,5,204.63,3,1527.8,crypto,basic,0.619,0,0.83
CUST-00560,3.11,4.78,76.77,1,6,193.42,0,1031.56,bank_transfer,basic,0.713,0,11.91
CUST-00561,1.72,12.49,83.28,1,6,237.67,2,1801.72,credit_card,basic,0.907,0,1.1
CUST-00562,4.18,3.77,83.26,0,5,158.05,1,1245.8,paypal,basic,0.504,1,15.59
CUST-00563,3.45,6.56,37.04,1,3,182.93,0,632.12,credit_card,pro,0.101,0,4.99
CUST-00564,3.35,7.59,48.66,1,3,250.87,1,1182.3,credit_card,pro,0.877,0,15.36
CUST-00565,3.86,4.6,63.65,1,3,43.28,3,147.17,credit_card,basic,0.875,1,9.9
CUST-00566,0.4,4.64,100.0,0,4,215.36,0,792.97,credit_card,basic,0.625,0,4.25
CUST-00567,3.37,10.99,81.64,1,3,159.97,1,603.95,credit_card,basic,0.533,0,8.9
CUST-00568,10.41,3.48,75.15,1,4,125.26,1,779.22,bank_transfer,basic,0.539,0,13.24
CUST-00569,9.86,17.89,48.02,0,2,200.19,1,443.18,credit_card,enterprise,0.91,0,1.7
CUST-00570,4.29,5.58,39.1,0,3,253.65,0,1095.16,bank_transfer,basic,0.426,0,9.53
CUST-00571,4.18,31.67,69.2,2,2,242.35,1,500.86,bank_transfer,basic,0.943,0,2.43
CUST-00572,0.27,8.84,35.19,1,6,171.89,0,1426.29,paypal,basic,0.686,1,1.37
CUST-00573,2.65,12.5,50.71,1,2,232.54,1,568.54,credit_card,basic,0.915,1,17.62
CUST-00574,6.81,2.93,52.93,2,5,232.08,0,1102.86,bank_transfer,basic,0.727,1,3.58
CUST-00575,3.05,23.94,83.67,0,3,174.76,0,708.5,credit_card,basic,0.648,0,26.35
CUST-00576,8.45,19.84,48.62,0,4,138.42,1,790.88,credit_card,basic,0.773,0,13.21
CUST-00577,8.11,14.08,11.09,0,8,141.89,1,1387.34,credit_card,basic,0.832,1,1.49
CUST-00578,2.6,2.57,64.08,2,9,230.27,1,2037.85,bank_transfer,pro,0.602,0,5.77
CUST-00579,4.53,13.47,42.42,2,3,177.47,1,505.81,bank_transfer,basic,0.142,1,11.25
CUST-00580,10.96,4.15,55.77,0,0,117.23,0,80.76,bank_transfer,basic,0.847,0,18.99
CUST-00581,1.06,22.24,53.44,1,8,78.91,0,845.92,paypal,enterprise,0.322,0,17.18
CUST-00582,3.1,17.66,50.07,2,2,229.91,1,665.55,paypal,basic,0.246,0,9.44
CUST-00583,0.95,12.67,69.23,5,1,147.19,0,273.07,bank_transfer,enterprise,0.924,1,26.41
CUST-00584,1.96,1.0,27.41,3,2,199.82,2,643.38,bank_transfer,enterprise,0.05,1,4.56
CUST-00585,13.11,5.12,45.69,2,3,254.38,0,760.35,credit_card,basic,0.558,1,4.01
CUST-00586,3.1,16.81,67.31,3,1,101.46,0,159.89,crypto,basic,0.555,1,5.14
CUST-00587,0.54,20.49,43.95,4,3,177.29,0,767.11,bank_transfer,pro,0.223,1,21.1
CUST-00588,1.7,19.76,26.04,1,4,169.76,1,627.38,paypal,basic,0.494,0,20.31
CUST-00589,0.84,1.0,67.03,1,3,202.78,0,607.62,credit_card,basic,0.729,0,0.83
CUST-00590,4.67,14.11,75.22,2,1,254.35,0,365.84,credit_card,pro,0.636,1,19.78
CUST-00591,5.66,19.11,54.19,0,6,100.23,0,910.92,bank_transfer,basic,0.602,0,2.35
CUST-00592,7.58,1.0,19.7,0,4,214.19,0,1083.46,credit_card,enterprise,0.522,0,4.34
CUST-00593,6.56,11.94,67.71,2,3,241.89,0,635.21,credit_card,pro,0.778,0,0.28
CUST-00594,1.12,13.92,25.12,1,4,168.82,1,1075.59,paypal,enterprise,0.974,0,2.66
CUST-00595,5.46,9.89,60.56,1,1,171.75,1,191.7,bank_transfer,pro,0.854,0,2.53
CUST-00596,3.73,1.0,39.03,0,7,205.11,1,1464.29,bank_transfer,pro,0.807,0,7.03
CUST-00597,8.34,9.72,34.12,0,6,200.69,0,1824.76,bank_transfer,basic,0.679,0,4.97
CUST-00598,7.09,9.71,47.05,1,5,214.94,2,1491.69,credit_card,enterprise,0.657,0,0.63
CUST-00599,14.24,10.96,51.7,2,5,213.68,0,1601.58,credit_card,enterprise,0.276,0,21.4
CUST-00600,1.83,8.06,43.4,0,3,121.08,2,548.54,paypal,pro,0.548,0,18.25
